,Y,Y1,Y2,Y3,YY1,YY2,YY3,MONTH,YEAR,QRT,TIME,STATE,X1_L2,X1_L3,X2_L2,X2_L3,X3_L2,X3_L3,X4_L2,X4_L3,X5_L2,X5_L3,X6_L2,X6_L3,X7_L2,X7_L3,X8_L1,X8_L2,X8_L3,X9_L1,X9_L2,X9_L3,X10_L1,X10_L2,X10_L3,X11_L1,X11_L2,X11_L3,X12_L2,X12_L3,X13_L2,X13_L3,X14_L0,X14_L1,X14_L2,X14_L3,X15_L0,X15_L1,X15_L2,X15_L3,X16_L0,X16_L1,X16_L2,X16_L3,X17_L1,X17_L2,X17_L3,X18_L1,X18_L2,X18_L3
23,2.5,1.8,2,1.1,['2.5' '1.8'],['2.5' '1.8' '2'],['2.5' '1.8' '2' '1.1'],1,2002,2002Q1,200201,0,0.012409513960703222,0.003112033195020736,0.0030060120240480437,0.004024144869215096,0.03870967741935494,-0.029733959311424085,-0.012016021361815787,-0.006631299734747964,0.039453717754172946,-0.026587887740029514,-0.0036101083032490378,0.0,0.11560525724358328,-0.1182158355604408,0.0018375114844468854,-0.005612111720177615,0.0,-0.006051242435946902,-0.003975378302128796,-0.004849412965798772,-0.005502063273727709,-0.047681425203039085,-0.02862959664079401,0.0,0.0277777777777779,-0.027027027027027084,0.0020232899258907366,-0.004847939115286026,0.005408969874212577,0.0009364645437484054,-0.020599250936329527,0.09426229508196715,0.10407239819004532,-0.06947368421052635,0.025295109612141653,0.11048689138576773,0.12658227848101267,-0.030674846625766805,0.07837681995098755,0.07735793380856992,0.19724437998549682,0.1211849566377583,-0.07360492981855538,0.047704447632711755,-0.0500851788756389,-0.03268991282689904,0.008160703075957176,-0.01727328809376938
26,1.8,2,1.1,-0.7,['1.8' '2'],['1.8' '2' '1.1'],['1.8' '2' '1.1' '-0.7'],4,2002,2002Q2,200204,0,0.012845849802371578,0.019133937562940684,0.004995004995004937,0.004012036108324901,-0.0718849840255591,-0.0834553440702781,0.013192612137203241,0.06311360448807846,-0.026745913818722045,-0.04674220963172804,-0.018050541516245522,-0.06418918918918926,-1.4685845547757204e-05,-0.3286500410893314,0.005574280528908293,0.004819590986062217,0.0057644438621773375,0.005271955767005343,0.005040062031532733,0.002331606217616411,0.04131112014086402,0.007780507780507762,0.013278008298755362,-0.02857142857142858,-0.02777777777777779,-0.027027027027027084,0.019091310465549904,0.007260980787323179,0.015645895829515366,0.01386871161315928,0.03041825095057038,0.06048387096774199,-0.051625239005736234,-0.020599250936329527,0.026984126984126888,0.06418918918918926,-0.02631578947368418,0.025295109612141653,-0.059447508876928956,0.09218405102501248,0.09614073549266777,0.07837681995098755,0.22186878727634207,-0.06051550242809123,-0.010716925351071716,0.14128187456926256,-0.07667833280305436,0.011586739620212505
29,2,1.1,-0.7,-0.2,['2' '1.1'],['2' '1.1' '-0.7'],['2' '1.1' '-0.7' '-0.2'],7,2002,2002Q3,200207,0,-0.0028763183125598557,0.0028846153846153744,-0.001966568338249819,0.0019704433497538254,0.016566265060240948,0.007587253414264028,-0.015075376884421954,0.005050505050504972,0.009776536312849249,-0.004172461752434131,-0.013574660633484004,-0.008968609865470989,0.02013024885807857,0.06516784272022491,-0.000893997445721495,0.0037174721189590088,0.005672295990718279,-0.006320313487549023,0.004188880426504227,0.007674597083653145,-0.03512478542189368,-0.031337938091583584,0.016909469302809788,-0.06060606060606055,-0.02941176470588236,0.0,0.013260841231124365,0.0005982934539343621,0.011190671189434731,0.0031238322226343485,-0.0074349442379182396,-0.0073800738007380184,0.0,0.03041825095057038,-0.038785834738617075,-0.058730158730158744,-0.026275115919629055,0.026984126984126888,-0.03329653166738478,-0.06740331491712703,-0.05453854737991792,-0.059447508876928956,-0.0748829953198128,0.03420458212326549,0.008460787504067646,-0.062304409672830685,0.011801957397812313,0.048913043478260976
32,1.1,-0.7,-0.2,1.9,['1.1' '-0.7'],['1.1' '-0.7' '-0.2'],['1.1' '-0.7' '-0.2' '1.9'],10,2002,2002Q4,200210,0,-0.004887585532746819,-0.006796116504854344,-0.0009891196834816984,0.0,-0.030120481927710885,0.02153846153846173,0.01913265306122458,0.02752293577981657,-0.02002861230329045,0.03402366863905337,-0.08571428571428574,0.006389776357827559,-0.02555648455520787,-0.08338377986763723,0.005603667855323513,0.006537623381617674,-0.0028122203758148556,0.002038476239011544,0.0012756729174638881,-0.0027986261289911774,0.023419203747072626,0.012554052169061247,-0.018885999726289793,-0.09090909090909083,0.06451612903225801,0.0,0.012846665377492794,-0.0014345681686055434,0.013503000970950696,0.0033222123102247814,0.021868787276341894,-0.001984126984126977,-0.05617977528089879,-0.0074349442379182396,0.003724394785847185,0.0,-0.05789473684210522,-0.038785834738617075,0.01933727298041532,-0.12218902770233575,0.02564102564102555,-0.03329653166738478,-0.01238773614122013,0.015408805031446482,0.07251264755480613,0.018232819074333717,-0.0022390148334732185,0.08404126213592211
35,-0.7,-0.2,1.9,2.6,['-0.7' '-0.2'],['-0.7' '-0.2' '1.9'],['-0.7' '-0.2' '1.9' '2.6'],1,2003,2003Q1,200301,0,-0.0009960159362550902,-0.008884501480750151,0.001974333662388972,0.0,0.004366812227074135,0.03308270676691727,-0.007692307692307665,0.0038610038610038533,-0.002732240437158473,0.011049723756906049,0.05980066445182719,-0.03525641025641024,0.1010177821582352,0.055553147621141497,0.004567368688150442,0.0010160020320040264,-0.002786220871327294,0.00012672665061463917,0.002031746031746051,0.0012714558169102386,0.021843659843384877,-0.04236284699381654,0.023152510432090434,0.0,0.0,0.03333333333333344,0.015051935997042687,0.023700949037574803,0.01332571397686877,0.01921635269270827,-0.04771371769383703,-0.001984126984126977,-0.01945525291828787,0.021868787276341894,-0.06060606060606066,-0.001890359168241873,-0.01855287569573283,0.003724394785847185,-0.05687196239343473,-0.13417494481236203,0.09998178838098704,0.01933727298041532,-0.03713298791018993,-0.0317725752508361,0.1251175917215428,0.027706516162134598,0.017754569190600478,0.05509641873278248
38,-0.2,1.9,2.6,1.3,['-0.2' '1.9'],['-0.2' '1.9' '2.6'],['-0.2' '1.9' '2.6' '1.3'],4,2003,2003Q2,200304,0,-0.0029940119760478723,-0.0019920318725099584,-0.004940711462450564,-0.0019723865877712132,-0.0690184049079755,-0.11171662125340598,0.0012870012870012104,-0.010191082802547768,-0.1460055096418732,-0.013586956521739135,0.1892925430210326,-0.22403560830860547,-0.011520517359939197,-0.3568053696144302,0.011855734431548859,0.005395232120451565,0.0065673149785299145,0.009757317988491332,0.005281690140845008,0.007602635580334471,0.017896227629715433,0.03491005996002672,0.009007797795106187,0.0,0.0,0.06451612903225801,0.006004613536028769,0.009953838864428688,0.00554591633230439,0.009136831664013023,-0.025423728813559365,0.01943844492440605,-0.03340292275574119,-0.04771371769383703,-0.03765690376569053,0.010570824524312794,-0.04637096774193539,-0.06060606060606066,0.11881650177338066,-0.06904401925516557,-0.027759943229818007,-0.05687196239343473,0.12890995260663507,-0.028545119705340682,-0.026008968609865568,0.14422084623323017,-0.039405204460966625,0.007239141288067907
41,1.9,2.6,1.3,0.8,['1.9' '2.6'],['1.9' '2.6' '1.3'],['1.9' '2.6' '1.3' '0.8'],7,2003,2003Q3,200307,0,-0.0030211480362537513,-0.004012036108325012,-0.0010020040080159776,-0.005976095617529986,0.0,-0.0044182621502211195,-0.019280205655527016,-0.003841229193341844,0.030973451327433787,-0.0058651026392962935,-0.06646058732612059,-0.08096590909090917,0.0562251060814114,0.01140358632785965,-0.002723109295705073,-0.0018532246108227124,-0.0017266896891958705,-0.004757731313384417,-0.005602589641434119,-0.0049554013875124925,0.002573828230831854,-0.02160371106693182,-0.04566152289400449,0.0,0.05882352941176472,0.030303030303030276,0.00488222935243221,-0.007437719573912482,0.00878694542226266,-0.0011026429619205302,-0.00233644859813098,-0.0046511627906975495,-0.06521739130434778,-0.025423728813559365,0.07371007371007376,-0.04683840749414503,-0.07173913043478264,-0.03765690376569053,0.06506649948502097,0.0576394809131382,0.0568449153249353,0.11881650177338066,0.03337236533957855,-0.04394066610691294,0.0,-0.0224986765484384,-0.08300970873786406,-0.07102593010146563
44,2.6,1.3,0.8,0.4,['2.6' '1.3'],['2.6' '1.3' '0.8'],['2.6' '1.3' '0.8' '0.4'],10,2003,2003Q4,200310,0,0.0050352467270895485,-0.001006036217303885,0.0010040160642570406,-0.0010030090270812808,-0.020771513353115778,-0.011730205278592365,0.058583106267029894,-0.058974358974358876,-0.03298350824587715,0.018320610687022842,-0.04130808950086051,-0.09360374414976591,0.014367551762134001,-0.128253578547186,0.00915162008409598,0.004472049689441038,-0.0008688097306689402,0.004254254254254297,0.003641843526309252,0.0017612278273997362,-0.01772287862513433,0.006486486486486642,-0.00013511687609790712,0.0277777777777779,0.0,0.0,0.007743896743514611,0.0014154369934957778,0.005843348169264129,0.006883217927491803,0.00982800982800991,-0.01927710843373498,-0.02810304449648693,-0.00233644859813098,0.007058823529411784,-0.0800865800865801,0.05720823798626995,0.07371007371007376,0.12163092097717643,-0.08157004226631737,0.06439903576634154,0.06506649948502097,0.11439010680157402,-0.015222806531968058,0.02351274787535429,0.07661822985468958,-0.08420033873699484,0.11914432710533429
47,1.3,0.8,0.4,0.8,['1.3' '0.8'],['1.3' '0.8' '0.4'],['1.3' '0.8' '0.4' '0.8'],1,2004,2004Q1,200401,0,-0.0009960159362550902,0.005005005005005003,0.0009990009990010762,0.004012036108324901,-0.007042253521126751,0.039531478770131745,-0.01992528019925277,0.01645569620253151,0.0,0.007132667617689048,-0.08156606851549753,0.04251700680272119,0.05410206603330159,0.086946309073892,0.004538763493621145,-0.0018366597281744834,0.0008578431372550099,0.006554538708879454,0.004596844328488059,0.0028656865188136926,0.022730207929742896,0.026786898289351768,0.03075451066156365,-0.05128205128205121,0.054054054054053946,0.0,0.012620071341783667,0.009990329998039504,0.010389223565133276,0.00854169748728939,-0.014989293361884481,0.044742729306487705,0.0875912408759123,0.00982800982800991,0.002053388090349051,0.02096436058700224,0.11448598130841114,0.007058823529411784,0.04661346227380925,0.01824964204074475,0.01766450227516736,0.12163092097717643,0.0708333333333333,-0.05491139794355715,0.15283732660781846,0.12215650591446758,-0.04455553140621593,0.129079754601227
50,0.8,0.4,0.8,0.9,['0.8' '0.4'],['0.8' '0.4' '0.8'],['0.8' '0.4' '0.8' '0.9'],4,2004,2004Q2,200404,0,0.001988071570576677,0.0029910269192421346,0.005952380952380931,0.0029850746268655914,-0.0239520958083832,-0.13806451612903226,0.031407035175879505,-0.008717310087173136,-0.10364145658263313,-0.004184100418409997,0.1897533206831119,-0.17268445839874413,-0.028444810939513787,-0.3907970654021682,0.009665337682735364,0.004490291262135848,0.006227866650384772,0.009577397342272143,0.012484848484848543,0.01363803907113903,0.01415621507512732,-0.001240233163834703,0.018184114155827658,0.0,0.028571428571428692,-0.05405405405405406,0.01880222172870316,-0.0022385797801373064,0.015101687007799125,0.0044348803075806575,-0.028235294117647136,-0.038461538461538436,-0.03913043478260869,-0.014989293361884481,-0.008733624454148492,-0.051759834368530044,-0.010245901639344246,0.002053388090349051,-0.02005678591709248,-0.003305336080233645,0.04115497937536827,0.04661346227380925,0.12054066031464661,0.10802848023569855,-0.1195417207090359,0.10043130006161438,0.07058047493403685,-0.07804581390634502
53,0.4,0.8,0.9,1.9,['0.4' '0.8'],['0.4' '0.8' '0.9'],['0.4' '0.8' '0.9' '1.9'],7,2004,2004Q3,200407,0,-0.003964321110009994,0.0,-0.003940886699507429,0.0,-0.0014144271570015743,-0.01532033426183832,0.007407407407407307,0.00496277915632759,0.016034985422740622,0.0029239766081869956,-0.020092735703245768,-0.08615819209039544,-0.00772721412445021,0.001760543792279412,0.0,-0.0008376211559171232,0.0,-0.0009418412997409531,0.0023601604909133655,0.004861852247124432,-0.0167828861836663,0.03625229638701777,-0.000244887963756546,-0.05405405405405406,0.0277777777777779,0.0,0.0008595948676892728,0.006713064577331007,0.007084567498581107,0.004839139530981029,-0.01456310679611661,0.01228501228501222,-0.014527845036319542,-0.028235294117647136,-0.02102803738317749,-0.02505694760820032,-0.033039647577092546,-0.008733624454148492,-0.06420290408378826,-0.022454717356688025,-0.06837884196374766,-0.02005678591709248,-0.02320464092818575,0.002406256266292539,-0.01384219893217331,0.04642205554429357,-0.06287993920972645,-0.01754385964912275
56,0.8,0.9,1.9,1.5,['0.8' '0.9'],['0.8' '0.9' '1.9'],['0.8' '0.9' '1.9' '1.5'],10,2004,2004Q4,200410,0,-0.004008016032064021,-0.003992015968063978,-0.00497512437810943,-0.003964321110009994,-0.02302158273381283,-0.02524544179523136,0.01025641025641022,-0.01015228426395931,-0.056213017751479244,-0.01024890190336758,0.009661835748792313,-0.1013024602026048,0.02379654479600668,-0.09904343298260099,0.0,0.008689441733126912,0.006107784431137686,0.004072134962187279,0.008802816901408494,0.004006599104407371,-0.014387661141804786,0.027557658190419776,0.016348118764274444,0.0,0.0,0.05714285714285716,0.0024903815600765267,0.002529289368913057,0.0011116461317195458,0.0066042371465449,-0.005714285714285672,-0.06166219839142095,-0.08128078817733986,-0.01456310679611661,-0.01392757660167121,-0.060209424083769614,-0.08830548926014337,-0.02102803738317749,-0.00029936893029491873,0.0392249586221487,0.09278701009057033,-0.06420290408378826,0.059743040685224846,-0.05713708863315159,0.014335449518738441,0.01522740933680633,-0.02557594689574394,-0.00774893452150327
59,0.9,1.9,1.5,1,['0.9' '1.9'],['0.9' '1.9' '1.5'],['0.9' '1.9' '1.5' '1'],1,2005,2005Q1,200501,0,-0.001007049345417843,0.0,-0.0010040160642569296,-0.002004008016032066,0.0055632823365785455,0.016973125884017115,0.020304568527918843,-0.008805031446540879,0.007092198581560183,-0.011220196353436185,-0.03200000000000003,0.024590163934426146,0.02565332410862986,-0.014358758261159954,0.0017808381811705853,-0.00601840925182906,0.0,-0.007291666666666807,0.0006949270326614965,0.0004634994206258458,-0.04845446950710108,-0.049029622063329836,0.028961812448908164,0.0,0.027027027027026973,0.0,0.00692407160891495,-0.0004846214653675407,0.005521787024731495,0.0005332309995345064,0.060975609756097615,-0.017964071856287456,-0.04022988505747127,-0.005714285714285672,0.11280487804878048,-0.040935672514619936,-0.03389830508474578,-0.01392757660167121,0.041052772568979545,0.02034029565177775,0.05177039911839376,-0.00029936893029491873,-0.012725931390630718,0.010247810694987924,0.08446150737522728,0.02096546863988724,0.00017621145374446812,0.11999210578251418
62,1.9,1.5,1,1.6,['1.9' '1.5'],['1.9' '1.5' '1'],['1.9' '1.5' '1' '1.6'],4,2005,2005Q2,200504,0,0.0030364372469635637,-0.002020202020202033,-0.00303030303030305,-0.0010090817356205317,-0.07183908045977017,-0.10654685494223382,-0.0395550061804697,0.02146464646464641,-0.02761627906976727,-0.07526881720430123,-0.05152979066022545,-0.012718600953894987,-0.08256130770781434,-0.3683996514876515,0.006078316773816539,0.003990142002112451,0.009836454136051165,0.0009219776420421599,0.0020787619817530523,0.009560452372624484,0.015762242810732685,-0.0006012506012506025,0.04302019315188743,0.0,-0.02631578947368407,0.0,0.02033104629865634,-0.0035036358732510875,0.012355932931734648,0.002074359298477546,-0.028795811518324554,0.09770114942528729,0.0,0.060975609756097615,-0.044554455445544594,-0.0357995226730311,0.1479452054794521,0.11280487804878048,-0.056312650153259924,-0.04516690397089074,0.084335799292377,0.041052772568979545,0.24202300846537872,-0.09560266980761678,-0.048384083691388025,0.23341094295692666,-0.0510034984349107,-0.06281276962899052
65,1.5,1,1.6,0.7,['1.5' '1'],['1.5' '1' '1.6'],['1.5' '1' '1.6' '0.7'],7,2005,2005Q3,200507,0,-0.0030120481927710108,0.0,0.0010141987829614951,-0.002024291497975783,0.012396694214876103,-0.02288021534320328,-0.0140306122448981,-0.02122347066167274,0.019858156028368823,-0.01947148817802513,0.03400309119010814,-0.07965860597439534,0.029349901545438373,0.03698506298973636,-0.0030207970256767025,-0.0009286128845039654,0.0009294760079006092,-0.004507628294036059,-0.006544953496383177,0.002763385146804964,0.01471820031111637,-0.02223002223002235,0.01243781094527363,0.027027027027026973,0.0,0.0,-0.0006934021620178532,0.01777568795330775,0.0012531131678317209,0.017124475289071572,0.030054644808743092,0.016666666666666607,-0.029649595687331498,-0.028795811518324554,0.0870712401055409,0.02156334231805923,-0.03886010362694303,-0.044554455445544594,0.10229527059196952,0.03911524309170167,0.06464391528585556,-0.056312650153259924,0.035774175517048645,0.009783631232361367,-0.07112897588255851,-0.0033921302578019397,-0.0077415011780544996,-0.06528236589586278
68,1,1.6,0.7,1.6,['1' '1.6'],['1' '1.6' '0.7'],['1' '1.6' '0.7' '1.6'],10,2005,2005Q4,200510,0,0.004036326942482349,0.0030364372469635637,0.0,0.0010141987829614951,-0.019204389574760006,-0.018842530282637826,0.0,0.003821656050955413,-0.03151862464183386,-0.012729844413012836,-0.0942857142857143,-0.015471167369901506,0.02673257887719016,-0.14974685057508852,0.004976275893993742,0.003017991874637138,0.003962242162918184,0.004372842347525774,0.002769443803369631,0.006153488912109539,0.01479289940828421,0.009534750143595616,0.026533018867924474,0.08108108108108092,-0.02631578947368407,0.0,-0.0027212128959487325,0.006999732145196891,-0.0009400852619452227,0.01047592106201245,0.059665871121718395,0.079896907216495,0.02917771883289122,0.030054644808743092,0.06415929203539816,0.04387990762124705,0.050970873786407855,0.0870712401055409,-0.0515147296090942,0.127089621814221,-0.02515994924817111,0.10229527059196952,0.05597495857116552,-0.012545454545454526,-0.010613419679798564,0.04239237594479128,0.026480013493000554,0.009019741320626329
71,1.6,0.7,1.6,0.8,['1.6' '0.7'],['1.6' '0.7' '1.6'],['1.6' '0.7' '1.6' '0.8'],1,2006,2006Q1,200601,0,0.0030060120240480437,0.0010030090270811698,0.004052684903748549,0.0,0.037135278514588865,0.013440860215053752,0.03764115432873272,0.011421319796954377,0.03945578231292535,0.018005540166204925,0.031531531531531654,0.08646003262642732,0.11040920616748418,0.00022622556461171506,0.003012048192771122,-0.004038306218991705,-0.001957623215108284,-0.002865001146000412,-0.0028568163638441613,0.002635197066911177,-0.010149942329873207,-0.022327469553450663,-0.005606638259699537,-0.02777777777777779,-0.07692307692307687,-0.025000000000000022,0.011045265039604235,-0.0010204285899670928,0.010534200252475978,0.0009185983881117021,-0.010706638115631661,0.02188183807439814,0.029279279279279313,0.059665871121718395,-0.007905138339920903,-0.007843137254901933,0.06029106029106024,0.06415929203539816,0.014832858478870836,0.06314742878283375,0.12030808817815242,-0.0515147296090942,-0.031616688396349346,0.04176570458404072,0.027027027027026973,0.02239829346335509,0.03877809433364976,-0.004098360655737654
74,0.7,1.6,0.8,1.7,['0.7' '1.6'],['0.7' '1.6' '0.8'],['0.7' '1.6' '0.8' '1.7'],4,2006,2006Q2,200604,0,0.0009910802775023875,0.004980079681274896,-0.0010020040080159776,0.004024144869215096,-0.043656207366985056,-0.13151658767772523,-0.028014616321558994,0.030112923462985997,-0.1130091984231274,-0.08423586040914566,0.027231467473525228,-0.1256613756613757,0.0010848540233188153,-0.40825100355393174,0.005958519537069051,0.0019517795637198354,0.006006006006005871,-0.0012593016599885543,0.0004581376703698403,0.003447879554074218,0.004044729954794324,-0.011291460832745126,-0.009321836401771089,0.0,0.02941176470588247,-0.02857142857142858,0.010916365196711464,0.0029678436127043017,0.011276950260000973,-0.0007104259134859126,0.00875273522975939,0.0,-0.010822510822510734,-0.010706638115631661,0.0040567951318459805,0.012320328542094305,-0.029880478087649265,-0.007905138339920903,0.04422624301265077,-0.008741679364824728,-0.020173878256645406,0.014832858478870836,0.1506345411072283,-0.006032906764168233,-0.07943453382699428,0.1071538225360762,0.019086357947434296,-0.04739195230998494
77,1.6,0.8,1.7,1.7,['1.6' '0.8'],['1.6' '0.8' '1.7'],['1.6' '0.8' '1.7' '1.7'],7,2006,2006Q3,200607,0,0.0009930486593843213,-0.002970297029702973,0.002002002002001957,0.0,0.015645371577575062,-0.016666666666666607,0.016497461928933976,-0.019900497512437942,0.02706359945872805,-0.010709504685408211,0.030303030303030276,-0.07439024390243898,0.01115549083054046,-0.004801688048968078,-0.0019307211811471214,0.0019344560764680274,0.0010251737099895575,-0.0019382054497775192,0.00354691075514868,0.0018340210912426436,0.009172208209126342,0.018449322746380226,0.01469194312796196,0.02941176470588247,-0.02857142857142858,0.0,0.013835322034072561,0.009416937700162498,0.008516759388327078,0.011164113613391757,0.025531914893617058,0.023965141612200425,-0.004338394793926392,0.00875273522975939,0.0,0.023012552301255207,-0.03434343434343434,0.0040567951318459805,0.0020615372736747517,-0.01711315170372618,-0.071865777295683,0.04422624301265077,0.010629858797398084,0.07559726962457347,-0.0632992327365729,-0.011481683980317126,0.07367185206926918,-0.055185801442041105
80,0.8,1.7,1.7,1.2,['0.8' '1.7'],['0.8' '1.7' '1.7'],['0.8' '1.7' '1.7' '1.2'],10,2006,2006Q4,200610,0,-0.0030030030030031574,-0.004980079681274896,0.0,-0.007000000000000006,0.032653061224489965,-0.052835051546391676,0.07848443843031117,-0.0692695214105793,0.017316017316017396,-0.06729475100942128,0.06901408450704238,-0.04825737265415542,0.06694916300452691,-0.16805589963909617,0.0029299075952220477,0.005894355021537123,0.003868912152935833,0.003281285358678554,0.006376679571851618,0.003198537811286206,-0.034771126760563376,0.01826330532212883,0.013974096796182778,0.0,0.0,0.0,0.00925797235447745,-0.005419710136892575,0.007500185259938341,0.003650053735890335,-0.008547008547008517,-0.01680672268907568,-0.012448132780083054,0.025531914893617058,-0.014925373134328401,-0.016771488469601525,-0.024539877300613466,0.0,-0.005002151070795824,0.013801617457900317,0.04231711639518587,0.0020615372736747517,0.11154568210262816,0.06746826987307952,-0.059968602825745676,0.027099543869063547,0.05178495837448849,-0.020049778761061843
83,1.7,1.7,1.2,2.2,['1.7' '1.7'],['1.7' '1.7' '1.2'],['1.7' '1.7' '1.2' '2.2'],1,2007,2007Q1,200701,0,0.0029821073558649047,0.004995004995004937,0.0029850746268655914,0.01005025125628145,0.04713375796178343,-0.03562653562653573,-0.006053268765133124,0.011015911872704898,0.028758169934640643,0.006578947368421018,0.06793478260869557,-0.030303030303030498,0.10157884378445847,-0.06841681416267043,0.002836396641706429,-0.004854917014790461,-0.004831460674157406,-0.0009150177284685812,-0.004894149783746804,-0.009134994925002804,0.0007037297677690013,-0.01581438300819571,-0.012425900592795247,-0.02857142857142858,-0.02777777777777779,0.028571428571428692,0.015386281941839108,-0.0010241802715466042,0.013416581762438096,0.000889313483136478,0.026804123711340333,0.03191489361702127,0.012931034482758674,-0.008547008547008517,0.03112033195020736,0.021186440677966267,0.021645021645021467,-0.014925373134328401,-0.05174769599709994,0.0015709986663967612,0.04958411197830803,-0.005002151070795824,-0.05996597675077975,0.09602237414543202,-0.09415904292751576,0.02808533621388065,0.03943859649122805,-0.06935736677115989
86,1.7,1.2,2.2,0.4,['1.7' '1.2'],['1.7' '1.2' '2.2'],['1.7' '1.2' '2.2' '0.4'],4,2007,2007Q2,200704,0,0.0009930486593843213,0.0,0.001984126984126977,-0.001980198019801982,-0.033766233766233666,-0.11899313501144171,0.0038022813688212143,0.0025412960609911828,-0.022280471821756298,-0.09810874704491723,-0.012970168612191912,-0.053987730061349715,-0.03562134481724655,-0.35965944437804753,0.005831557698777523,0.006774302811335842,0.002036429460346101,0.004347328680929019,0.0005723443223442093,0.00011448196908991903,0.03256031857577879,0.018368320610686828,-0.017346460384434992,0.032258064516129004,-0.08823529411764697,0.0,0.0063455249543740155,-0.005124505541425406,0.007206474543063779,-0.0016253009735358592,0.01635991820040905,-0.014112903225806495,-0.004016064257028162,0.026804123711340333,0.03131524008350728,-0.024439918533604943,-0.012072434607645843,0.03112033195020736,0.061746583594368465,0.024842310243131438,0.041985546561978504,-0.05174769599709994,0.15000820613819132,-0.050046772684752105,-0.0327250791735787,0.15023936919177694,-0.07622268470343396,0.009718938796952958
89,1.2,2.2,0.4,0.5,['1.2' '2.2'],['1.2' '2.2' '0.4'],['1.2' '2.2' '0.4' '0.5'],7,2007,2007Q3,200707,0,0.0,0.0009920634920634885,0.0,0.0019762845849802257,0.01743462017434627,-0.017135862913096767,0.015094339622641506,0.006329113924050667,0.04432855280312897,-0.03400503778337538,-0.04069767441860461,-0.017142857142857126,0.005690500211483096,0.029278774256197515,0.0,0.0009996667777407708,0.003790835098673284,0.0020247469066365653,0.005656108597285048,0.006948399589930432,-0.0029001673173453257,0.0050448430493272856,0.011796733212341204,0.0,0.0,0.031249999999999778,0.012926259661885764,-0.0023939678916047313,0.011900581192959558,0.00226051703965946,0.027184466019417375,0.007827788649706457,0.028169014084507227,0.01635991820040905,0.02099236641221358,0.027450980392156987,0.0323886639676112,0.03131524008350728,0.10878068364303739,0.025098329717621715,0.10288281979458458,0.061746583594368465,0.014384349827387899,0.01061200755923819,-0.018267446838875268,-0.0483185625834649,0.005738705738705718,0.0025706940874037354
92,2.2,0.4,0.5,0.8,['2.2' '0.4'],['2.2' '0.4' '0.5'],['2.2' '0.4' '0.5' '0.8'],10,2007,2007Q4,200710,0,0.000983284169124854,0.004940711462450675,0.0009852216748766907,0.0,0.0012285012285011554,-0.016908212560386326,0.024050632911392533,-0.007537688442211032,-0.013210039630118908,-0.01943005181347146,0.03439153439153442,-0.0746634026927786,0.021217650452183934,-0.10071773021820563,0.005632247377139743,0.0009949148795047602,0.00377274744784728,0.004711689477226777,-0.0005606009642336041,0.0012348450830714786,0.023054755043227626,0.009511021595613567,-0.00022373867322966756,-0.030303030303030165,0.0,0.0,0.005245050261911466,-0.0018770863721221387,0.007954514422537695,-0.000838881853836293,-0.009276437847866359,0.016981132075471583,0.001890359168241984,0.027184466019417375,0.005565862708719838,0.02083333333333326,-0.013084112149532645,0.02099236641221358,0.06081233816941345,0.03909803335397499,-0.031051017188494123,0.10878068364303739,-0.052169137836353574,0.00942350332594244,0.023255813953488413,-0.07698908912590396,0.007285749567794486,0.033039928562316634
95,0.4,0.5,0.8,-3.3,['0.4' '0.5'],['0.4' '0.5' '0.8'],['0.4' '0.5' '0.8' '-3.3'],1,2008,2008Q1,200801,0,0.0009842519685039353,-0.0019646365422396617,0.0009842519685039353,0.0009852216748766907,0.004634994206257348,0.055012224938875365,-0.0012135922330097637,0.04040404040404044,0.006127450980392135,0.006165228113440113,0.06649616368286448,0.1366279069767442,0.0686198778198237,0.07738773665796628,0.0037264357737833986,0.0,0.0019767186470458498,0.003994673768308976,0.004234455092489542,0.0020098258150960113,0.01702083763152462,0.040575354229283045,0.00931744312026006,-0.06060606060606055,0.0,0.031249999999999778,0.013185147106833828,0.0139870631747403,0.00923773284486451,0.01358812617084837,-0.023214285714285743,0.04477611940298498,0.0037453183520599342,-0.009276437847866359,-0.07640067911714754,0.06317689530685922,0.022140221402213944,0.005565862708719838,-0.14361166604291753,-0.004653725078698767,-0.07693052764123298,0.06081233816941345,-0.08637306331584726,0.010602884971026905,0.1748261877172652,-0.00245647762469281,0.03310162197947708,0.20374551733297896
98,0.5,0.8,-3.3,0.1,['0.5' '0.8'],['0.5' '0.8' '-3.3'],['0.5' '0.8' '-3.3' '0.1'],4,2008,2008Q2,200804,0,-0.005934718100890191,-0.003940886699507429,-0.000976562500000111,0.002938295788442735,-0.05861244019138745,-0.1049250535331907,-0.017114914425427785,0.011124845488257096,-0.03980099502487566,-0.05633802816901401,-0.03771131339401823,-0.12314709236031929,-0.11029173871529474,-0.3611075490423682,0.009311390212213055,0.0038039343549614024,0.004695348329329718,0.013067624959163693,0.009231783712496,0.005636604774535758,0.08155246765692392,0.02716802834924681,0.030429049599350888,0.034482758620689724,-0.033333333333333326,-0.032258064516129115,0.01496479613724877,0.01740655846573058,0.009139326831264727,0.012576695240597235,0.001980198019801982,0.010000000000000009,-0.08592321755027421,-0.023214285714285743,-0.03300970873786402,0.017786561264822254,-0.06985294117647067,-0.07640067911714754,0.07129149818954339,-0.004457765158154214,0.05351207622424092,-0.14361166604291753,0.1865469573891978,-0.062274488841373765,-0.0008011750567499254,0.13421861281826142,-0.09432461981910345,0.07719486081370452
101,0.8,-3.3,0.1,1.3,['0.8' '-3.3'],['0.8' '-3.3' '0.1'],['0.8' '-3.3' '0.1' '1.3'],7,2008,2008Q3,200807,0,-0.0030060120240480437,-0.0020000000000000018,-0.002941176470588225,-0.0029325513196480912,0.005847953216374213,-0.01384083044982698,-0.02436053593179055,0.006127450980392135,0.014705882352941124,-0.01686746987951815,-0.036427732079905906,-0.021839080459770233,0.015022979403819026,0.011136833967699156,0.006348534546608775,0.008214209515681858,0.005578202102552998,0.016097409968011567,0.020105263157894626,0.02117596474255623,0.026916550979484866,0.10678617157490389,0.03801169590643272,-0.03125,0.032258064516129004,0.03333333333333344,0.008856046985691979,0.0260972783166582,0.007890183326459521,0.021335399497611318,0.03639846743295028,0.029585798816567976,0.001976284584980448,0.001980198019801982,0.04561403508771922,0.07954545454545459,0.06024096385542155,-0.03300970873786402,-0.04791273613068081,-0.09562531722119627,0.014544199575999617,0.07129149818954339,-0.009866511897852703,0.0057202895166941214,0.028825366322363655,-0.01273885350318471,0.008787678352074169,0.023996129656506993
104,-3.3,0.1,1.3,3,['-3.3' '0.1'],['-3.3' '0.1' '1.3'],['-3.3' '0.1' '1.3' '3'],10,2008,2008Q4,200810,0,-0.001014198782961384,-0.004040404040404066,-0.0009910802775026095,-0.0029644268774703386,-0.03297997644287409,-0.0011764705882352233,-0.0012722646310431296,-0.013801756587202063,-0.030456852791878042,0.027379400260756137,-0.051995163240628695,-0.006009615384615419,0.02070986882170156,-0.10319450013991982,0.0009411272613197852,-0.0017745302713987332,0.007254757649037824,-0.0040959040959041015,-0.002789400278940035,0.019396770590027312,0.02316002176109433,-0.043985437253882265,0.010814870446864466,-0.030303030303030165,0.06451612903225801,0.0,0.013108200503258116,0.005437792375691863,0.011715950691902233,0.0032156111319141534,-0.051094890510948954,0.007352941176470562,0.005545286506469571,0.03639846743295028,-0.12392426850258176,0.006932409012131657,-0.03187919463087252,0.04561403508771922,-0.23134400508266229,-0.01775830258302591,-0.07552032708961731,-0.04791273613068081,0.02578201368523958,-0.11971603743142945,0.08991793669402104,-0.02994224788982669,-0.0551544660846206,0.13017077798861476
107,0.1,1.3,3,0.7,['0.1' '1.3'],['0.1' '1.3' '3'],['0.1' '1.3' '3' '0.7'],1,2009,2009Q1,200901,0,-0.005107252298263587,-0.004069175991861518,-0.007968127490039945,-0.002979145978152853,-0.04572098475967168,0.004711425206124664,-0.11323155216284975,0.01681759379042691,-0.006337135614702172,-0.008793969849246075,-0.09293193717277493,0.03663500678426046,0.02014326049018944,-0.007128251696783772,0.0,-0.00271881208825675,-0.0009402423735896948,-0.016785089074245696,-0.023332998089107937,-0.002608085063697363,-0.05696647651793385,-0.06625319226559656,0.041017850360805186,0.0,0.030303030303030276,0.031249999999999778,0.011715492970520103,0.01360102422244136,0.008363597183126625,0.007486549325050662,-0.31829573934837097,-0.2067594433399602,-0.03269230769230769,-0.051094890510948954,-0.1335012594458439,-0.20120724346076446,-0.023575638506876273,-0.12392426850258176,0.033473547537951065,0.04497848652968672,-0.03323270982696347,-0.23134400508266229,-0.11364003228410013,-0.242850158885358,-0.025372245384157388,-0.07470610542282896,-0.19799270072992703,-0.09653782744092332
110,1.3,3,0.7,2,['1.3' '3'],['1.3' '3' '0.7'],['1.3' '3' '0.7' '2'],4,2009,2009Q2,200904,0,0.005170630816959676,-0.003092783505154628,-0.0010235414534289777,-0.0071138211382114624,-0.005235602094240899,-0.11676300578034671,0.06369426751592355,0.0047999999999999154,-0.06666666666666665,-0.038224414303329124,0.11151736745886653,-0.24133148404993054,0.005420129152780007,-0.2933796431075816,0.007176287051481989,0.0072281583909492575,0.0009436929852153497,0.004799165362545654,0.006721982984980501,-0.002827817343946437,0.013072426112374247,0.039149510631117046,-0.017898574743122397,0.06060606060606055,0.0,-0.02941176470588236,0.017348980809644532,0.013675693208615725,0.01138212767818536,0.0111325113913181,-0.007968127490039723,0.06355932203389836,-0.13235294117647067,-0.31829573934837097,0.01897018970189701,-0.023809523809523725,0.09883720930232553,-0.1335012594458439,0.13521131431034772,0.1347374956492291,-0.08525871044909683,0.033473547537951065,0.12811726632400533,0.13382257716382484,-0.1562556911309415,0.0640984137261249,-0.10619212962962965,-0.05573770491803276
113,3,0.7,2,1.9,['3' '0.7'],['3' '0.7' '2'],['3' '0.7' '2' '1.9'],7,2009,2009Q3,200907,0,0.006066734074823055,0.0122824974411464,0.0,0.002049180327868827,-0.015366430260047248,0.005945303210463715,0.012396694214876103,0.03862660944205998,0.07810499359795142,-0.010139416983523608,0.031531531531531654,-0.045845272206303744,-0.019289623660403765,0.0677768670563299,-0.0008239777526006797,0.0,0.0025815778603883732,-0.002612876254180607,-0.007674756274631767,0.0011421451562663165,0.05116945962899888,-0.030326729231838656,-0.07766289973551332,0.0,0.054054054054053946,0.05714285714285716,0.011188909338430308,0.009985995507849177,0.010679591514231257,0.007774916333934234,-0.03508771929824561,0.11328125,0.028112449799196693,-0.007968127490039723,0.0,0.06788511749347248,0.018617021276595924,0.01897018970189701,0.12029610019639292,-0.0041693829743032484,0.01937401413799167,0.13521131431034772,0.10267931436179056,-0.04875732151337653,0.0659804252446845,0.11362564827911359,-0.06426470588235289,0.03437785214481304
116,0.7,2,1.9,1.2,['0.7' '2'],['0.7' '2' '1.9'],['0.7' '2' '1.9' '1.2'],10,2009,2009Q4,200910,0,0.001988071570576677,0.0019920318725097363,0.0010141987829614951,0.00203252032520318,-0.03157894736842104,-0.0328054298642535,-0.0012886597938143174,0.02239789196310915,-0.03764115432873272,-0.033939393939393936,-0.058238636363636465,-0.08452535760728219,-0.042626004606005186,-0.22473192060810587,0.0008188331627430046,0.0035952747817156183,0.0035047933202760895,0.0009271659627072548,0.005698300870285999,0.01142198470082767,-0.01930147058823528,0.020550865524004536,-0.0002557544757033625,-0.05263157894736836,0.0,-0.02564102564102566,0.012963240437840806,-0.001805389168804239,0.012210267356000504,0.0007878869225845797,0.023255813953488413,0.09554140127388533,0.14181818181818184,-0.03508771929824561,0.015909090909090873,-0.004524886877827927,0.0806845965770171,0.0,-0.055255388072725564,0.05106636931871744,0.022192398333001462,0.12029610019639292,0.15450251409416427,-0.07131739068911858,0.06655599154844549,0.07422544495715244,-0.000790409695692329,0.07126728760937051
119,2,1.9,1.2,1.2,['2' '1.9'],['2' '1.9' '1.2'],['2' '1.9' '1.2' '1.2'],1,2010,2010Q1,201001,0,0.005899705014749124,0.005934718100890191,0.0010101010101009056,0.002024291497975783,0.018497109826589586,-0.05567685589519644,0.003841229193342066,-0.02375000000000005,-0.008064516129032251,0.021176470588235352,0.10292072322670354,-0.07820512820512815,0.1077978559385111,-0.12947631536863624,0.0034800409416582134,0.0017430534194606828,-0.0025567600736347007,0.00496277915632759,0.0034235916588858384,-0.007925072046109483,0.005155510480054248,0.019297036526533473,-0.010990883530714868,-0.027027027027027084,0.0277777777777779,0.0,0.0062068510390485,0.008766076525741795,0.00660755733098517,0.005398911380527949,-0.003030303030302939,0.0060975609756097615,-0.06818181818181823,0.023255813953488413,0.011792452830188704,-0.01851851851851849,-0.03355704697986561,0.015909090909090873,-0.047742709936592576,0.08174980714836733,-0.015872815036471533,-0.055255388072725564,-0.05686372745490986,0.056783587028458093,-0.0029035238220931348,-0.07113753991851124,0.12305218896858783,-0.007609229258713879
122,1.9,1.2,1.2,0.9,['1.9' '1.2'],['1.9' '1.2' '1.2'],['1.9' '1.2' '1.2' '0.9'],4,2010,2010Q2,201004,0,-0.0019474196689386325,0.0009746588693957392,0.004028197381671816,0.003030303030302939,-0.023474178403755874,-0.13502538071065984,0.016645326504481472,-0.015132408575031508,-0.016908212560386326,-0.09508196721311479,0.046132971506105624,-0.1577142857142857,-0.05338640671823869,-0.3460949957202044,0.0020197939810140397,0.002023881805302663,0.007955936352509019,0.004601226993865115,0.0017412680528525737,0.0044238683127570955,0.008082849204344544,0.0030402837598175747,-0.004372319852013917,-0.09999999999999998,-0.14893617021276595,0.3055555555555556,0.0047112658108312555,0.0144480326770271,0.009033185114017073,0.007843876390997595,-0.0565371024734983,-0.09294871794871795,-0.05167173252279633,-0.003030303030302939,-0.043147208121827374,-0.059665871121718506,-0.023310023310023187,0.011792452830188704,0.028773961071565823,0.061627513200968265,-0.004898809932415205,-0.047742709936592576,0.20531778757287067,-0.021427577570613643,-0.045551128818061004,0.14898577757052922,-0.019657142857142818,0.03734439834024905
125,1.2,1.2,0.9,0.5,['1.2' '1.2'],['1.2' '1.2' '0.9'],['1.2' '1.2' '0.9' '0.5'],7,2010,2010Q3,201007,0,0.0,-0.0019550342130987275,0.003980099502487677,0.003996003996004083,0.008849557522123908,-0.038297872340425476,0.00498132004981322,0.00374999999999992,0.04275534441805218,-0.01864801864801857,-0.04342984409799544,-0.06263048016701467,0.045505682547381854,-0.05592331871537759,-0.001002807862013566,0.0010038144950812455,0.004031445273130485,0.0011020939785593153,0.00848742043043349,0.007328244274809048,0.023428065373158447,0.02831360211938061,0.00885325315292751,0.09375,-0.11111111111111105,0.0,0.007823480416114803,0.006711109956689665,0.008514807638495103,0.0057050530532101185,0.07534246575342474,0.06959706959706957,0.022471910112359605,-0.0565371024734983,0.03466666666666662,0.013513513513513375,-0.018567639257294433,-0.043147208121827374,0.03594203581249378,0.03475399847677063,-0.05759778589310727,0.028773961071565823,0.03291463130960692,-0.016134569172674196,0.03090716055208209,0.0023903554354605117,-0.02026270237246708,-0.0035511363636364646
128,1.2,0.9,0.5,0.5,['1.2' '0.9'],['1.2' '0.9' '0.5'],['1.2' '0.9' '0.5' '0.5'],10,2010,2010Q4,201010,0,-0.0019607843137254832,-0.0009794319294808007,-0.0029644268774703386,0.001980198019801982,-0.037403740374037486,-0.036055143160127145,-0.018404907975460127,0.011166253101737134,-0.038946162657502725,0.013937282229965264,-0.011891891891891881,-0.04540763673890613,-0.042930119790099974,-0.1724578088796006,0.00797448165869219,0.005009016229212682,0.002007628990162491,0.0056727707006367645,0.0030947389437956385,0.002502001601281112,-0.0011068068622025473,-0.001263324121595022,-0.0036972938955317503,0.08571428571428563,-0.07894736842105254,0.08571428571428563,0.002190687016744741,-0.0008719621158892465,0.000866128190951887,0.0009692567907371163,-0.06354515050167242,-0.04472843450479225,-0.0031847133757962887,0.07534246575342474,-0.06896551724137923,-0.06702412868632712,-0.03865979381443296,0.03466666666666662,0.005414323930350795,0.0746291780232391,-0.009424042106938368,0.03594203581249378,0.022067500590040146,-0.05519009923068352,0.009908794054723558,-0.005748306302607253,0.0010275380189068706,0.009020217729393432
131,0.9,0.5,0.5,0.5,['0.9' '0.5'],['0.9' '0.5' '0.5'],['0.9' '0.5' '0.5' '0.5'],1,2011,2011Q1,201101,0,-0.001978239366963286,-0.004921259842519676,-0.0010010010010010895,-0.004980079681274896,0.007633587786259666,0.021158129175946616,0.0050000000000001155,-0.0037359900373599153,0.012127894156560126,0.01227678571428581,0.039548022598870025,0.014908256880733939,0.08482765468538234,-0.00816695497070452,0.003975352812562116,-0.0049446202531645556,0.0,0.009235606209471392,0.0035495957404851897,0.003661553686294061,0.04481836766787217,0.019315540594694314,-0.012504946576968767,0.12121212121212133,-0.10810810810810823,-0.02631578947368407,0.0028166794732849,0.012841852057101644,0.0047876293795225955,0.00794786150850979,0.07665505226480818,-0.017123287671232834,0.04285714285714293,-0.06354515050167242,0.1415384615384616,-0.044117647058823484,0.04938271604938271,-0.06896551724137923,0.009132130667966809,0.07684957183284946,0.011513847951353018,0.005414323930350795,0.03817198600360516,-0.016989785282468195,0.10772428126082434,0.03966165413533829,0.0502418320007898,0.045942597563493726
134,0.5,0.5,0.5,0.9,['0.5' '0.5'],['0.5' '0.5' '0.5'],['0.5' '0.5' '0.5' '0.9'],4,2011,2011Q2,201104,0,0.0009891196834816984,0.003972194637537063,-0.001982160555004997,0.009000000000000119,-0.10097719869706834,-0.10058593750000011,-0.03506650544135437,0.00242424242424244,-0.11982570806100223,-0.034700315457413256,-0.06666666666666665,-0.16834677419354838,-0.1460716500755621,-0.41069588742340934,0.0038865137971237917,0.006847974955977332,0.011878835874084448,0.011990864103540222,0.007478427612655825,0.015381619937694602,0.03596117076040595,0.02804868828910556,-0.004590608067429169,0.027027027027026973,0.05714285714285716,-0.05405405405405406,0.00268275163414744,0.005232666678711029,0.00557837430034791,0.0032385395849396925,0.0029239766081872176,0.008849557522123908,0.09708737864077688,0.07665505226480818,0.0,-0.050761421319796884,0.06199460916442057,0.1415384615384616,0.04066074903878114,0.08631980611560874,-0.06301788155943044,0.009132130667966809,0.24168618266978914,-0.09090909090909083,-0.04054744152793377,0.24527186761229314,-0.13215934347751757,0.05749412402820475
137,0.5,0.5,0.9,0.6,['0.5' '0.5'],['0.5' '0.5' '0.9'],['0.5' '0.5' '0.9' '0.6'],7,2011,2011Q3,201107,0,-0.001982160555004997,-0.0029644268774703386,0.003984063745019917,-0.003968253968253843,0.0064446831364124435,-0.04610655737704916,0.012531328320801949,-0.01845018450184499,0.045810055865921795,-0.012141280353200834,0.07943416757344934,-0.08099999999999996,0.03248544151711297,-0.07869374577343424,0.0019301293186642088,0.0019338619222588616,0.0009678668215253872,-0.002236302646291377,0.0029906542056075125,0.006206507429001196,-0.0051182237600923,-0.02130661775081144,0.006175906864485103,0.0,-0.05714285714285716,-0.07894736842105254,-0.002857341760522103,0.008040274292353988,0.0010166087740846041,0.007372715585446166,0.02865329512893977,0.017492711370262315,0.0,0.0029239766081872176,0.03287671232876721,-0.002732240437158584,-0.021390374331550777,0.0,0.015480627793724944,-0.019500856488072094,-0.0227562991479503,0.04066074903878114,0.010862315388280086,-0.002376425855513342,-0.007921539041870984,-0.008881421027364333,0.015189667776785098,-0.026182566049675726
140,0.5,0.9,0.6,0.5,['0.5' '0.9'],['0.5' '0.9' '0.6'],['0.5' '0.9' '0.6' '0.5'],10,2011,2011Q4,201110,0,-0.0019900497512438386,-0.0009940357852882276,0.0009881422924900019,0.0009891196834816984,-0.021505376344086002,-0.04222451081359413,-0.00370828182941918,-0.003694581280788145,-0.03186813186813198,-0.004376367614879695,0.00732984293193728,-0.06003937007874005,0.02006699381656829,-0.28800823628141803,-0.0009521995810320982,0.006710122699386423,0.0048160277403197504,0.0007451564828613311,0.001305726543555208,0.0013074336944340903,0.03498243559718972,0.002568053415511029,-0.012462865009781887,0.031249999999999778,-0.030303030303030165,0.0,-0.0005760621178131364,0.011842906254723173,0.0012611874508881016,0.013334515152040094,0.014662756598240456,-0.02571428571428569,-0.02506963788300831,0.02865329512893977,0.005797101449275477,-0.03361344537815114,-0.05305039787798416,0.03287671232876721,0.07876133698753973,-0.05875188153884603,-0.11864748430768657,0.015480627793724944,0.04482524929809273,-0.04076894502228823,0.01498727495522667,0.012054001928640368,0.016500571801993047,-0.011705820618390317
143,0.9,0.6,0.5,0.5,['0.9' '0.6'],['0.9' '0.6' '0.5'],['0.9' '0.6' '0.5' '0.5'],1,2012,2012Q1,201201,0,-0.002002002002002068,-0.0019980019980019303,-0.003960396039603964,0.0009910802775023875,0.0,0.007430997876857859,-0.009950248756219082,-0.008631319358816114,-0.0010672358591249376,0.012972972972973063,0.0983213429256593,-0.05011389521640086,-0.011050000581468322,0.02333506780255412,0.00381606563632908,0.000954927425515617,-0.0019062142584826969,0.0009345794392523477,-0.003167505123905401,-0.0009307520476544706,0.0014914772727270265,-0.014005602240896309,0.009758167161646236,-0.030303030303030165,0.031249999999999778,-0.030303030303030165,0.005088661815347173,0.008143357631403614,0.005776152299669768,0.007678206662345088,-0.002941176470588225,-0.005847953216374324,-0.011560693641618491,0.014662756598240456,0.0029761904761904656,-0.008849557522124019,-0.023054755043227737,0.005797101449275477,0.07123139110716759,-0.01178342742393812,-0.03222579006092097,0.07876133698753973,0.013753201176135654,0.00018973531922972242,-0.02325796886582654,0.06835079418722545,-0.00470904809956274,-0.05574082896617438
146,0.6,0.5,0.5,0.9,['0.6' '0.5'],['0.6' '0.5' '0.5'],['0.6' '0.5' '0.5' '0.9'],4,2012,2012Q2,201204,0,0.004016064257028162,0.0,0.003992015968063756,-0.0029850746268655914,0.0,-0.12776176753121993,0.008782936010037767,0.02310654685494229,-0.08955223880597007,-0.0399181166837258,0.11710677382319168,-0.13333333333333341,0.03825839459554947,-0.483731206218164,0.00028291210863806704,0.0037864445285877846,0.003991636570994217,0.004889749976935143,0.006874129122155015,0.005135387488328869,0.01663288839192112,0.004845505617977475,0.009857456917949259,-0.02941176470588236,0.0625,0.0,0.004292926984243106,-0.0007824336564316026,0.008127762170543784,0.002439808243391628,-0.0057636887608069065,0.017595307917888547,0.005899705014749346,-0.002941176470588225,-0.014084507042253502,0.03498542274052463,0.017804154302670572,0.0029761904761904656,-0.015913288713233054,-0.007984238394286414,0.03807157210129919,0.07123139110716759,0.03389830508474567,0.11764072758583577,-0.1307073353293413,0.004265250281667576,0.02372713791398917,-0.04009489916963227
149,0.5,0.5,0.9,1.2,['0.5' '0.5'],['0.5' '0.5' '0.9'],['0.5' '0.5' '0.9' '1.2'],7,2012,2012Q3,201207,0,-0.0029850746268655914,0.001994017946161497,0.0009960159362549792,-0.0009950248756218638,0.03336921420882666,-0.05397148676171082,0.008793969849246297,0.006321112515802696,0.07007786429365948,-0.019629225736095934,-0.004223864836325308,-0.01865284974093262,0.07154852491428376,-0.08144691792996328,-0.0014117647058824456,0.0017914388082216348,-9.427736400480224e-05,-0.012088216296022858,-0.005597357313268492,0.0005508630187294195,-0.03548661283467924,-0.018902015288394747,-0.010792603285900815,0.032258064516129004,-0.06060606060606055,0.0,0.008613136776394636,-0.009501866622390942,0.009388025564841973,-0.006812009000024544,-0.0820668693009119,-0.023738872403560873,-0.023188405797101463,-0.0057636887608069065,-0.08510638297872353,-0.026627218934911157,-0.034285714285714364,-0.014084507042253502,0.015091612235101248,0.005717478450964819,-0.06988935362943305,-0.015913288713233054,0.0032975315620877854,0.032389845345783375,-0.042380774962742174,-0.06124757595345831,0.015341701534170138,-0.023239041589871
152,0.5,0.9,1.2,0.9,['0.5' '0.9'],['0.5' '0.9' '1.2'],['0.5' '0.9' '1.2' '0.9'],10,2012,2012Q4,201210,0,-0.0030030030030031574,-0.0019980019980019303,-0.005958291956305928,0.0019900497512437276,-0.03915343915343916,-0.026776519052523096,-0.0423620025673942,-0.010165184243964398,-0.05396825396825389,0.01941747572815533,-0.14574468085106385,0.030701754385964897,-0.06663524614409344,-0.14579040835559665,0.007146215326751415,0.004628754959380199,-0.002262016965127178,0.003543453935098917,0.006192531431788328,-0.004483467214645986,0.007285443683520354,0.016665432190208218,-0.008518763310567667,0.0,0.032258064516129004,-0.03125,0.0006568342447430542,0.0025272029397291895,0.00448263367928603,0.0014626932891765865,-0.01403508771929829,0.0035211267605634866,-0.0596026490066226,-0.0820668693009119,-0.01067615658362997,-0.007067137809187329,-0.05980066445182719,-0.08510638297872353,-0.04215488350424057,0.047813261106911975,0.012290182200755506,0.015091612235101248,0.08708258348330333,-0.051493598862019985,-0.00976617522772083,0.034978521960199904,-0.018330464716006967,0.00017214666896192554
155,0.9,1.2,0.9,0.8,['0.9' '1.2'],['0.9' '1.2' '0.9'],['0.9' '1.2' '0.9' '0.8'],1,2013,2013Q1,201301,0,0.0,0.0,0.0030090270812437314,-0.003996003996003861,0.025423728813559254,-0.011518324607329822,0.00512820512820511,0.011673151750972943,0.024159663865546133,-0.0010493179433367361,-0.022538552787663035,0.015662650602409567,0.10450963166844951,-0.04592723861873926,0.001783535154416649,-0.0035543915442894924,-0.001867239286714617,-0.0024516737388023957,-0.00683648623337707,-0.007805240661587054,-0.010482503468475568,-0.029545964544842485,-0.033053667004194986,-0.03125,0.032258064516129004,-0.03125,0.0045184825001409745,-0.0002456684825264954,0.010634489045644013,-0.0003270623425367658,-0.02857142857142847,0.0035842293906809264,-0.007117437722419906,-0.01403508771929829,-0.03508771929824561,0.017857142857143016,0.007194244604316502,-0.01067615658362997,-0.017580931874514816,0.03318847327849328,0.010899239563612051,-0.04215488350424057,-0.06880856760374832,0.021235873131607796,0.009105122781201125,-0.012413108242303905,0.0034044673254172153,0.02007453837032025
158,1.2,0.9,0.8,0.9,['1.2' '0.9'],['1.2' '0.9' '0.8'],['1.2' '0.9' '0.8' '0.9'],4,2013,2013Q2,201304,0,0.001007049345417954,-0.001006036217303885,0.0,-0.0009990009990009652,-0.049840933191940606,-0.09414024975984625,-0.025316455696202556,0.007653061224489832,-0.04824561403508776,-0.08617234468937873,-0.06849315068493156,-0.11855104281009876,-0.010341074135433503,-0.3904945881010736,-0.0009283327144448128,0.003353204172876323,0.0059970014992503096,-0.003937007874015741,0.00679501698754259,0.0016069571793173587,-0.007949247114576341,0.02732626619552425,-0.00802305655086466,-0.0625,0.0,0.032258064516129004,0.004994197389169397,0.004880636830195906,0.008031872530611217,0.005411460879057195,-0.007692307692307665,-0.02985074626865669,-0.014705882352941235,-0.02857142857142847,-0.019230769230769384,-0.03703703703703709,-0.018181818181818077,-0.03508771929824561,-0.020420072921706445,-0.01065882387773931,0.032901108086893505,-0.017580931874514816,0.10962105049273596,-0.0711522128904406,0.015622004983707027,0.07931280042727429,-0.10685323580855455,0.05396346572817157
161,0.9,0.8,0.9,0.8,['0.9' '0.8'],['0.9' '0.8' '0.9'],['0.9' '0.8' '0.9' '0.8'],7,2013,2013Q3,201307,0,0.0,0.0,0.0,0.0010030090270811698,0.008264462809917328,-0.010224948875255602,0.005256241787122251,0.001315789473684159,0.052230685527747456,-0.018162393162392987,0.03409090909090917,-0.023307436182019914,0.00930304988480013,0.05906811138032775,-0.0012096398995068425,0.0,-0.0013937929752834144,-0.00018946570670708152,-0.0034928726517512443,-0.0031055900621117516,0.02116650987770452,-0.01808944653991218,0.0009245704599738502,0.03333333333333344,0.0,0.0,0.007249875974044473,-0.003825225978047131,0.006264658192706385,-0.0007511544173850471,0.0,0.027027027027027195,0.003875968992248069,-0.007692307692307665,0.013937282229965264,0.10810810810810811,0.015686274509803866,-0.019230769230769384,0.027214863791511945,-0.06882886484595585,0.018890501285674155,-0.020420072921706445,-0.07548672566371684,0.04407280790908241,-0.00906427394250131,-0.037333787930446616,-0.03360790774299849,0.0012371134020618957
164,0.8,0.9,0.8,0.3,['0.8' '0.9'],['0.8' '0.9' '0.8'],['0.8' '0.9' '0.8' '0.3'],10,2013,2013Q4,201310,0,0.0010020040080160886,0.002008032128514081,0.0009999999999998899,-0.0009990009990009652,-0.02598752598752596,-0.01736465781409602,0.03489932885906022,-0.01844532279314892,-0.044071353620146914,0.02253218884120156,-0.07238883143743535,0.057986870897155374,-0.024636749295124938,-0.17227493380982117,0.0019453450671607087,0.0035325834340429463,0.0021427240544065196,-0.0011340011340010836,0.0028430629264593055,-0.00018950161076380923,-0.023148504191340513,0.006424148606811286,-0.008137571011822553,-0.0625,0.0,0.032258064516129004,0.010948029173079021,-0.008385890981568278,0.012207544847732565,-0.0022522137426663758,-0.0037453183520598232,0.003759398496240518,0.0,0.0,-0.024137931034482696,-0.013605442176870763,0.010309278350515427,0.013937282229965264,0.01659021713003761,0.03664943208953675,0.006441905299289896,0.027214863791511945,-0.017558765222316697,-0.011016711791616007,0.025270412558629385,-0.0033862985152383063,-0.04232496258107432,0.06481317513724116
167,0.9,0.8,0.3,0.4,['0.9' '0.8'],['0.9' '0.8' '0.3'],['0.9' '0.8' '0.3' '0.4'],1,2014,2014Q1,201401,0,0.0,0.0010020040080160886,0.0,0.002002002002001957,-0.004052684903748771,0.04334038054968303,-0.006485084306095956,0.032128514056224855,0.016477857878475888,0.03297872340425534,-0.06960081883316271,0.23358585858585856,0.052349218532464104,0.055699579940279964,0.001205825062610133,-0.00018547713994243598,-0.003051035502958599,0.0022831050228309113,-0.001993733978923329,-0.003500473036896934,0.003809369427784093,-0.004518315313861598,-0.024248149897653892,0.032258064516129004,0.0,0.03333333333333344,0.009171568436103561,0.0057575305144697,0.009180322981945821,0.006635211207602909,-0.010428305400372428,-0.007393715341959317,0.016917293233082775,-0.0037453183520598232,-0.01666099965997958,0.0017029972752042877,0.03745583038869249,-0.024137931034482696,-0.03489713325444721,-0.016397130379926295,0.0072804653980858,0.01659021713003761,-0.03282042159565968,-0.03979844564010582,0.1251081003170944,0.026076814129800896,-0.050094966761633386,0.10088865656037638
170,0.8,0.3,0.4,0.8,['0.8' '0.3'],['0.8' '0.3' '0.4'],['0.8' '0.3' '0.4' '0.8'],4,2014,2014Q2,201404,0,0.0,-0.0009999999999998899,0.0,0.001996007984031989,-0.04507337526205457,-0.10253998118532448,-0.02564102564102566,0.007751937984496138,-0.10062240663900412,-0.03503503503503502,0.057071960297766955,-0.17333333333333334,-0.05638340533801045,-0.34138317981550914,0.0018380663541954778,0.002672318466642176,0.005373355567908078,-0.00047267914539605993,0.0013252555850056247,0.0026575550493546096,-0.005216693418940488,0.008661863514935586,-0.002583770690351206,-0.05555555555555558,0.125,0.0,0.006808174989025417,0.01328210454525336,0.005669199351797216,0.009349684820064708,-0.002256487401278595,0.007196969696969591,-0.006398193451260803,-0.010428305400372428,0.0003479471120388933,0.00700770847932719,-0.013139695712309774,-0.01666099965997958,-0.011996313475455822,0.002838398173728107,0.020008757695180623,-0.03489713325444721,0.13086248012718604,-0.04597592188833055,-0.029887805775243748,0.07915814587593739,-0.05991669336751049,0.013640792465086093
173,0.3,0.4,0.8,0.4,['0.3' '0.4'],['0.3' '0.4' '0.8'],['0.3' '0.4' '0.8' '0.4'],7,2014,2014Q3,201407,0,-0.0020060180541625616,-0.0010020040080159776,-0.001994017946161497,-0.0019900497512438386,-0.011178861788617933,-0.022840119165839057,-0.03350515463917514,0.0038809831824062613,0.06054054054054059,-0.03343782654127481,-0.02129817444219062,0.007150153217568844,-0.032000999012880116,0.06469150309500393,-0.0012813472451034258,0.0016501650165017256,0.0006421429226675102,0.000473709142586376,-0.00018944775978024797,-0.0015132885652133776,-0.0005049229992426518,-0.017040284556208096,-0.024687373941105317,0.0,0.0,0.02941176470588247,0.01621852876431218,0.0005014149559847692,0.012685043629341752,0.0020044978977216132,-0.043812451960030696,-0.01476713366149196,-0.004523181304183943,-0.002256487401278595,-0.06846321922796805,-0.03241719520789288,-0.012869565217391243,0.0003479471120388933,0.03691420979817295,0.00363415807835743,0.016908027872504228,-0.011996313475455822,-0.022433843054665226,-0.06458244111349043,0.02583252789737278,-0.011882532676964819,-0.07613894769858076,0.006948282668772121
176,0.4,0.8,0.4,1.5,['0.4' '0.8'],['0.4' '0.8' '0.4'],['0.4' '0.8' '0.4' '1.5'],10,2014,2014Q4,201410,0,0.001007049345417954,-0.001006036217303885,0.0009990009990010762,0.0,-0.048387096774193505,-0.004016064257028051,-0.037323037323037433,0.01834862385321112,-0.024896265560165998,0.020105820105820182,-0.185483870967742,0.062098501070663836,-0.023813457938932303,-0.167250849103611,-0.0006394445966930729,0.00173865300146403,0.0014662756598240456,-0.0035995074358244894,-0.0010408781226345365,0.0007575757575759567,-0.01220136518771342,-0.008040626322471489,-0.0052201734444724535,0.0,0.0,0.0,0.010547111577231094,0.00822463054384226,0.010108101410569947,0.006939212836923003,-0.06280193236714982,-0.04688154039346992,-0.03979099678456599,-0.043812451960030696,-0.06902286902286903,-0.053149606299212726,-0.007036747458952219,-0.06846321922796805,-0.02755322782648295,-0.023422317189902064,-0.00365104136562433,0.03691420979817295,0.036048822026681915,-0.07265069755198739,0.06753465717497176,0.02462311557788932,-0.05132687112664858,0.0810857241023879
179,0.8,0.4,1.5,0.7,['0.8' '0.4'],['0.8' '0.4' '1.5'],['0.8' '0.4' '1.5' '0.7'],1,2015,2015Q1,201501,0,0.0010040160642570406,0.0,-0.0010050251256280562,-0.004004004004004025,-0.009100101112234582,0.028066528066527985,0.0053835800807537915,-0.010652463382157085,0.026694045174537884,0.017763845350052376,0.12430011198208302,0.0,0.012323321257288411,0.037464458387172606,-9.186954524564861e-05,-0.0020170532685431786,-0.0030164533820842276,-0.009795447997695161,-0.003063666826232714,-0.0070348892480273095,-0.05135206553333915,-0.008731336767659137,-0.010710892286429963,0.0,0.0,0.028571428571428692,0.012111389192973832,0.015511307991249002,0.014715366158953858,0.011862768987070504,-0.03716216216216217,0.012212994626282336,-0.040768509840674705,-0.06280193236714982,-0.04853009799346697,0.002338634237605275,-0.045109423849932995,-0.06902286902286903,0.01757683011500366,-0.032911277375579306,0.008323024999618234,-0.02755322782648295,0.03842618128332398,-0.06770654782310592,0.06557077625570784,0.06339629240993361,-0.06918443757121928,0.0042504495667810005
182,0.4,1.5,0.7,0.3,['0.4' '1.5'],['0.4' '1.5' '0.7'],['0.4' '1.5' '0.7' '0.3'],4,2015,2015Q2,201504,0,0.002002002002001957,0.0020060180541625616,0.004012036108324901,0.0,-0.04811715481171541,-0.12132352941176472,0.029850746268656803,-0.037859007832898084,-0.013800424628450103,-0.1045627376425855,-0.023178807947019764,-0.19395017793594316,-0.023782476288825904,-0.3227810908950718,9.131586156496674e-05,-0.0006388027012227404,0.00679897096655635,-0.0011773940345369827,0.0006872852233676952,-0.012219959266802527,0.00332128553287081,0.02812091995581012,-0.07548746518105853,-0.02777777777777779,0.028571428571428692,-0.02777777777777779,0.01150568627023496,0.009129592525444874,0.009723890503384736,0.007545011056606654,-0.07344940152339496,-0.07218576476527006,-0.007017543859649145,-0.03716216216216217,-0.0675603217158176,-0.07855731225296447,-0.00735654732712121,-0.04853009799346697,0.04220418122222602,0.027812468526538403,0.018745575243938717,0.01757683011500366,0.20062871898506796,-0.11575498858334166,-0.10826841359773365,0.13375863902179685,-0.13794683776351968,-0.10286982978373493
185,1.5,0.7,0.3,1.1,['1.5' '0.7'],['1.5' '0.7' '0.3'],['1.5' '0.7' '0.3' '1.1'],7,2015,2015Q3,201507,0,0.0019920318725097363,0.0009970089730808596,-0.005005005005005003,0.0,-0.017068273092369357,-0.019685039370078705,-0.020188425302826385,0.012261580381471182,0.03951367781155013,-0.005040322580645129,-0.049212598425196874,-0.04779756326148088,0.010195285637266682,-0.007234055200537659,0.00018204988166758973,0.002829758101323687,0.0002739225712198312,-0.0004910144358243329,0.0006878930817608708,-0.0003929273084478657,0.005714285714285783,0.012670857028833638,-0.02414565280887926,0.0,0.0277777777777779,0.028571428571428692,0.013571388438295084,0.00868110707635461,0.014334813946984992,0.007154472414585777,-0.02024539877300613,-0.06643757159221086,0.02524955960070452,-0.07344940152339496,0.002256063169768785,-0.054400000000000004,0.07820586543990804,-0.0675603217158176,-0.021232282325715834,-0.01919803291091371,-0.005815238086283592,0.04220418122222602,0.05221167440921026,-0.07197750702905348,-0.002244249111651331,0.015133048953889894,-0.06681831106056313,-0.01050361061614924
188,0.7,0.3,1.1,0.5,['0.7' '0.3'],['0.7' '0.3' '1.1'],['0.7' '0.3' '1.1' '0.5'],10,2015,2015Q4,201510,0,-0.0009960159362550902,0.0,0.005030181086519203,0.0,-0.02228976697061802,-0.035190615835777095,0.03542234332425065,-0.012113055181695698,-0.023493360572012345,0.030526315789473735,-0.11288805268109126,0.007582938388625671,0.004831985925388249,-0.1732516413786358,-0.0026306240928881675,0.0014534883720929148,0.0018201674554059188,-0.004465171661043876,-0.006114398422090828,-0.0037335429357436833,-0.00612527168543775,-0.004132231404958664,-0.004310344827586188,-0.05405405405405406,0.0,0.0,0.00980356858126008,0.0024313675710248006,0.009364131464581815,0.002532695429828591,-0.004507405022536992,-0.018331226295828174,-0.00939261114589851,-0.02024539877300613,-0.014536644457904369,-0.04841498559077817,-0.02363534046145177,0.002256063169768785,0.03396151435951533,0.010981256663696426,-0.043676360483902776,-0.021232282325715834,0.08993506493506476,-0.11128210060594401,-0.002111527017947923,-0.01641229353961937,-0.09094364724888349,0.05282641320660342
191,0.3,1.1,0.5,0.6,['0.3' '1.1'],['0.3' '1.1' '0.5'],['0.3' '1.1' '0.5' '0.6'],1,2016,2016Q1,201601,0,-0.0009950248756218638,0.0,-0.001982160555004997,0.003980099502487677,-0.007812500000000111,0.01890547263681608,-0.004010695187165791,-0.022222222222222254,0.0,0.04011741682974557,-0.044878048780487734,0.05020491803278704,0.021192063162764674,-0.050658411087950994,0.0030071077091307075,-0.0019099590723056226,0.0,-0.0023173803526448378,-0.004014049172102463,-0.006777633808432104,-0.010750443586264535,-0.01723253667042768,-0.030914512922465165,-0.02777777777777779,0.028571428571428692,0.0,-0.00027983408356824224,0.008631665775143071,0.0009722451054472447,0.009449848016341189,-0.029357798165137616,0.002452483139178341,0.054980595084088035,-0.004507405022536992,-0.0529377545084353,-0.018835616438356073,0.07682851874615859,-0.014536644457904369,-0.025110767803152023,-0.015391798069248064,-0.018477730639033796,0.03396151435951533,0.032923109287893215,-0.07681103126820754,0.02253996623969834,0.039073342585673076,-0.06619479613199086,0.06610691890742904
194,1.1,0.5,0.6,1,['1.1' '0.5'],['1.1' '0.5' '0.6'],['1.1' '0.5' '0.6' '1'],4,2016,2016Q2,201604,0,-0.0030090270812437314,-0.0030000000000000027,-0.0009980039920161055,-0.003976143141153021,-0.03711340206185565,-0.13547237076648844,0.02335164835164849,-0.014884979702300516,-0.04016064257028118,-0.0862385321100918,-0.04377880184331795,-0.22361359570661898,-0.010113690439381706,-0.37157324636,-0.0026189831120744245,0.004262651913658599,0.001726174252748347,-0.0006091989034417988,0.0,-0.005352454049686983,0.0009494672433800755,0.015752250321474648,-0.015404093690652099,-0.05128205128205121,0.11428571428571432,0.0,0.006220039812868228,0.010769052783803357,0.006079694395941582,0.007522807568268286,-0.009289980092899608,0.025867937372362038,-0.07435412728418389,-0.029357798165137616,-0.020026702269692942,0.016282225237449044,-0.09459459459459452,-0.0529377545084353,-0.0008517674173910139,0.04131666544927093,0.0024057822453271704,-0.025110767803152023,0.19736038127825983,-0.008361609306834716,-0.15967413441955203,0.141756739967698,-0.06352530541012225,-0.11692181239083521
197,0.5,0.6,1,0.7,['0.5' '0.6'],['0.5' '0.6' '1'],['0.5' '0.6' '1' '0.7'],7,2016,2016Q3,201607,0,0.0,0.0,0.0029999999999998916,0.0,0.017857142857142794,-0.04091341579448138,0.031420765027322384,-0.008130081300812941,0.050930460333006966,-0.022966507177033524,0.03128153380423826,-0.04435872709739641,0.038019613811099084,-0.06519271794289438,-0.00018063583815020046,0.0006326253953907734,0.0019014849692140512,0.002328170867496704,0.0012161751292185663,0.0024382810118865894,0.007678738196534196,0.0346789778827572,-0.018338954468802626,0.0,-0.02777777777777779,-0.027027027027027084,0.009607039978251741,-0.0004878795632458077,0.007998032563803159,0.000344003870437426,-0.07421013960323286,-0.08040540540540542,-0.008707300736771728,-0.009289980092899608,-0.08695652173913049,-0.08316151202749145,-0.008855585831062607,-0.020026702269692942,0.023264902174740643,-0.006579610769385957,-0.0053907679963894894,-0.0008517674173910139,0.03869588455371464,0.01244588744588726,-0.05695039804041635,0.023442732752846807,0.00044672771945486467,-0.025680087051142553
200,0.6,1,0.7,1.5,['0.6' '1'],['0.6' '1' '0.7'],['0.6' '1' '0.7' '1.5'],10,2016,2016Q4,201610,0,0.001006036217303663,0.002016129032258007,0.0009910802775023875,0.0029821073558649047,-0.00982318271119842,-0.04948646125116707,-0.021650879566982528,-0.010709504685408211,-0.012732615083251742,-0.012572533849129708,0.022110552763819014,-0.11398040961709699,0.03141079687921966,-0.17947752909573023,0.005958291956305928,0.00253416598787215,-0.00189701897018979,0.0023232323232322827,0.0009099181073703999,-0.0011108866895576108,0.0017254394478594115,-0.017794725135049205,-0.027803521779425466,0.025641025641025772,0.08333333333333326,0.028571428571428692,0.007555879850397407,0.01088591959251195,0.006889536733010182,0.007531386057199496,0.035552193645990826,0.04505928853754959,0.003968253968253954,-0.07421013960323286,0.03734756097560976,0.0597738287560583,0.016420361247947435,-0.08695652173913049,-0.017341691010603677,0.004413535497505672,0.009155883126094277,0.023264902174740643,0.04804738920579221,-0.049029835176298775,-0.013481527220335465,-0.02820991495540348,0.05596320227795415,-0.004035776614310649
203,1,0.7,1.5,-0.3,['1' '0.7'],['1' '0.7' '1.5'],['1' '0.7' '1.5' '-0.3'],1,2017,2017Q1,201701,0,0.0010020040080160886,0.0010030090270811698,0.0029821073558649047,-0.001984126984126977,0.019175455417066223,0.024557956777996104,0.047752808988763995,-0.01928374655647369,0.0064575645756457245,0.0606653620352251,0.08489634748272468,0.053014553014552934,0.0918051006338787,0.026340608228481388,0.001077005923532548,-0.0015234339994623092,0.0014358790271919997,0.008802640792237693,0.004420777654978281,0.003023279250226718,0.042103142626913614,0.024244300010316744,0.04349230272365179,-0.05405405405405406,-0.02631578947368407,-0.050000000000000044,0.004700193633737193,0.005450413113593733,0.006314980485413013,0.004687716456236446,-0.050761421319796995,0.043017868960953054,0.10372534696859015,0.035552193645990826,-0.02895981087470445,0.05158483530142943,0.18221895664952248,0.03734756097560976,0.020286608173859966,0.021668985822897113,-0.012304612611356514,-0.017341691010603677,0.030994947532063666,0.052674644574000284,0.023341009001465185,0.022420207558253358,0.061636004573329295,0.026787620064034012
206,0.7,1.5,-0.3,1.1,['0.7' '1.5'],['0.7' '1.5' '-0.3'],['0.7' '1.5' '-0.3' '1.1'],4,2017,2017Q2,201704,0,0.001994017946161497,0.0019980019980019303,0.0,0.004945598417408492,-0.00905432595573441,-0.14678111587982823,-0.0406290956749672,0.04663923182441687,-0.07841239109390119,-0.0710431654676259,0.023735810113518996,-0.22043443282381325,0.06732777125662293,-0.3655673617733195,-0.0007077140835103357,0.0027499334693514843,0.010668818361126098,-0.0003894460130463573,0.003909686247678623,0.014476945959345677,-0.021447203168775908,-0.021182033096926678,0.02213415812874553,-0.07692307692307687,0.11428571428571432,0.0,0.010630726957392866,-0.002455368816026926,0.009026119865313875,0.0008464179527662985,-0.012121212121212088,0.013651877133105783,-0.020721925133689756,-0.050761421319796995,-0.018139262726740824,0.026426426426426453,0.013390139987827121,-0.02895981087470445,0.02092832707628367,0.03279244994358499,0.011641685650304323,0.020286608173859966,0.129777866720032,0.05992151871884599,-0.11139383658467616,0.17625935162094764,-0.0356868026163909,-0.004500622426505951
209,1.5,-0.3,1.1,0.6,['1.5' '-0.3'],['1.5' '-0.3' '1.1'],['1.5' '-0.3' '1.1' '0.6'],7,2017,2017Q3,201707,0,0.0,0.0009940357852884496,0.001962708537782021,0.0,0.009587727708533,-0.049225159525979945,0.005449591280653809,-0.0160857908847184,0.03561116458132818,-0.014231499051233443,0.06493506493506485,-0.07968127490039845,0.010610252491470407,-0.07095086849448728,-0.0021250221356472476,0.001063641198369103,-0.001239376770538203,-0.00391504355485961,-0.0026356891839125485,-0.0022401870069154173,-0.012066214599122493,-0.01415650806134483,0.004245236449797574,0.08823529411764719,-0.10526315789473684,0.05555555555555558,0.0014535333483078894,0.0033123392583460642,0.0014371878542740468,0.006693228072230273,0.002053388090349051,-0.002049180327868827,-0.002044989775051187,-0.012121212121212088,0.04004781829049597,-0.010059171597633032,0.007151370679380209,-0.018139262726740824,0.004565618218990819,0.01891896497371537,0.0643590394660476,0.02092832707628367,0.03762509622786747,-0.02687517557823771,-0.05420246213798596,0.027146406551946223,0.039904306220095664,-0.11380597014925375
212,-0.3,1.1,0.6,0.7,['-0.3' '1.1'],['-0.3' '1.1' '0.6'],['-0.3' '1.1' '0.6' '0.7'],10,2017,2017Q4,201710,0,0.001982160555004775,0.0,0.0,0.0,-0.010526315789473606,-0.042163153070577386,0.006830601092896238,0.00826446280991755,-0.03431839847473794,0.006717850287907945,-0.050748752079866954,-0.08870356330553453,-0.010910689195679057,-0.1470263126009821,0.0011450717871928084,0.005758327427356491,0.0015971606033717833,0.006744208777245575,0.00451644575355914,0.0007860862729685003,0.017699990111737396,0.015667369689665644,0.005046936509538691,-0.050000000000000044,0.1428571428571428,-0.05405405405405406,0.00564768582836872,0.0023533659570309506,0.003952889829792028,0.004800276343970067,0.11681296421336929,0.00679809653297081,0.004781420765027411,0.002053388090349051,0.13501400560224086,0.002808988764044784,0.02298850574712641,0.04004781829049597,0.0538574298278951,0.013236345786838966,-0.016448094027160964,0.004565618218990819,0.1533953488372093,0.027822927622143556,-0.030047296670685286,0.03540849090260445,0.05040284804197115,-0.0437197634832468
215,1.1,0.6,0.7,0.8,['1.1' '0.6'],['1.1' '0.6' '0.7'],['1.1' '0.6' '0.7' '0.8'],1,2018,2018Q1,201801,0,-0.00099009900990088,0.0,0.0,-0.0019550342130987275,0.06378802747791945,-0.07279344858962689,-0.01482479784366586,0.012278308321964637,0.06481481481481488,-0.013698630136986356,0.17343904856293357,-0.16126350789692434,0.11334692480397957,-0.1355289871153036,0.0035489308845710887,-0.00739762219286666,-0.0009677986978708919,0.0004853897679837349,-0.0009698380370477544,0.001067961165048592,-0.006973365617433447,-0.0024154589371980784,0.005635445005829798,-0.05263157894736836,0.027027027027026973,-0.02631578947368407,0.007977683373533218,-0.0028718386479951175,0.006970770651290481,-0.00022986214971298935,0.003273322422258529,0.025741466144376002,0.08041112454655375,0.11681296421336929,0.042857142857142705,-0.023255813953488302,0.06120434353405724,0.13501400560224086,0.040109585043911045,-0.0035858938688484443,-0.018649219514708104,0.0538574298278951,-0.04739807756049064,0.1734733566705562,-0.17057827244132584,0.0372144751475747,0.10523827534039332,-0.08898268584718749
218,0.6,0.7,0.8,-0.2,['0.6' '0.7'],['0.6' '0.7' '0.8'],['0.6' '0.7' '0.8' '-0.2'],4,2018,2018Q2,201804,0,0.0,0.0,0.001966568338249708,0.0,-0.06034482758620696,-0.10154905335628228,0.012345679012345512,0.03111739745403108,-0.03418803418803418,-0.06731620903454394,-0.06530958439355383,-0.096551724137931,-0.0868401073649121,-0.27412032238804673,-0.0010484927916121212,0.007659799260433253,0.004155247104588478,-0.0003848744347156874,0.004251618513866129,0.004172326799922299,0.005296610169491567,0.004546773725452313,0.008192724080756886,0.08108108108108092,0.05714285714285716,-0.02777777777777779,0.005663594998003063,0.009678528724206714,0.00804246567494915,0.004506164753639297,-0.0010666666666666602,0.01296596434359798,0.006525285481239873,0.003273322422258529,-0.03478643769264633,-0.0026350461133071157,0.03972602739726039,0.042857142857142705,0.02842774495574152,0.00761732911475832,-0.05419916928376045,0.040109585043911045,0.17308803698709307,-0.10291195022898136,0.0066979819067503055,0.073891198891199,-0.09473023839397743,0.05179808644011885
221,0.7,0.8,-0.2,1,['0.7' '0.8'],['0.7' '0.8' '-0.2'],['0.7' '0.8' '-0.2' '1'],7,2018,2018Q3,201807,0,0.0,-0.003968253968253843,-0.0009813542688911214,0.0,0.00466853408029877,-0.021917808219178103,0.008000000000000007,0.035911602209944604,0.0263876251137396,-0.030008826125330956,-0.005054759898904915,-0.07482462977396731,-0.014444572171769976,-0.016030547838189246,-0.0020942408376962707,0.0005238344683078378,0.001836788244555354,0.00028757668711665296,0.002884060757546658,0.001251323515256475,0.012610456553755478,0.02947029280773239,0.010920586263051923,-0.07894736842105254,0.0,-0.050000000000000044,0.009928769974782092,-1.211202625905905e-05,0.009190791782330843,-0.0009659190918716032,-0.004862236628849215,-0.019077901430842648,0.0074746396155900285,-0.0010666666666666602,-0.035862068965517135,-0.03333333333333344,0.026459854014598383,-0.03478643769264633,-0.013270969378323616,-0.039983326523621465,-0.03672208572859759,0.02842774495574152,-0.004868549172346581,0.04043900379907117,-0.027424254864931497,0.007830790344716121,0.01699507389162558,-0.017504234895539206
224,0.8,-0.2,1,0.4,['0.8' '-0.2'],['0.8' '-0.2' '1'],['0.8' '-0.2' '1' '0.4'],10,2018,2018Q4,201810,0,-0.0029940119760478723,-0.0009970089730807485,-0.0009842519685039353,-0.0019646365422396617,-0.01397949673811738,-0.027198549410698103,0.018944519621109546,-0.010709504685408211,-0.03429602888086636,0.01931922723091062,-0.058340929808568864,-0.05021645021645016,-0.0065446830420292645,-0.13965372987937352,0.007642205818497505,0.008848782197301563,-0.0019237495627841827,0.002848732314120195,0.004483021747424543,0.00469573550551039,0.01663968339629429,-0.0028699551569506543,0.013544223252431653,-0.08888888888888902,0.1842105263157896,0.08571428571428563,0.002928203117827488,0.0009302745757377995,0.0065815378160476445,0.00038029271232842277,0.03519553072625703,-0.021857923497267784,-0.006514657980456029,-0.004862236628849215,0.029185867895545226,-0.03268945022288261,-0.03719599427753928,-0.035862068965517135,-0.1337476046383591,0.0086917963906874,0.012033495116021697,-0.013270969378323616,-0.02051862024396156,0.01127358875908846,-0.0018754076973255263,-0.07048565840938725,-0.009683666881859287,-0.007369432874078874
227,-0.2,1,0.4,1.3,['-0.2' '1'],['-0.2' '1' '0.4'],['-0.2' '1' '0.4' '1.3'],1,2019,2019Q1,201901,0,-0.002012072434607659,-0.0030090270812437314,-0.001982160555004997,-0.001978239366963286,-0.00910746812386154,0.045714285714285596,-0.020107238605898137,0.020519835841313228,0.022887323943661997,0.032727272727272716,-0.014925373134328401,0.09836065573770503,0.025371614689964295,0.021971889225066876,-0.003391304347826085,-0.007079951649110683,-0.0018098767560114082,-0.004784231174050357,-0.007030878859857426,-0.003408768109080529,-0.03703365032918793,-0.049208833246391914,0.017605945324250083,-0.02564102564102566,-0.025000000000000022,-0.024390243902438935,0.0018232436423026854,0.007710513612334768,0.003630846667562526,0.006843258592655221,-0.02421171171171166,-0.03687635574837311,-0.004856988667026441,0.03519553072625703,-0.009863013698630185,-0.05927835051546393,-0.03482587064676612,0.029185867895545226,0.08025810371183306,-0.026620756750569963,0.03309372367208785,-0.1337476046383591,-0.0907448468424078,-0.07314659765565534,0.08354639175257739,-0.0626828892653628,-0.038430211032950745,0.18392215306390836
230,1,0.4,1.3,-1.3,['1' '0.4'],['1' '0.4' '1.3'],['1' '0.4' '1.3' '-1.3'],4,2019,2019Q2,201904,0,-0.0010121457489877805,-0.0010111223458039165,-0.005958291956305928,0.0019900497512437276,-0.08823529411764719,-0.09682947729220215,-0.03448275862068961,0.01115760111576014,-0.09107468123861562,-0.05670103092783507,-0.17465069860279436,-0.10933333333333328,-0.11051821799910877,-0.25194253075949236,-0.0019133762393459541,0.00427984976853879,-0.00104702905505627,0.003461538461538405,0.0009624639076033503,-0.001057590616286852,0.016841909370056696,0.022160928286094617,-0.0016142816446681474,0.0,-0.07317073170731703,0.07894736842105265,0.009881307094945502,0.004624268209333815,0.009010574127324755,0.003788646908792437,-0.010175240248728068,0.005113636363636376,0.015579919215233717,-0.02421171171171166,-0.029625489100055913,-0.007214206437291981,-0.0027670171555063128,-0.009863013698630185,0.029392666781895338,-0.024947163211019197,-0.004267864027031276,0.08025810371183306,0.17723801442511666,-0.1397025276028835,-0.010205924855491322,0.12906692721055202,-0.18537090098694686,0.03220506079526775
233,0.4,1.3,-1.3,-3.2,['0.4' '1.3'],['0.4' '1.3' '-1.3'],['0.4' '1.3' '-1.3' '-3.2'],7,2019,2019Q3,201907,0,-0.002024291497975783,0.0,0.0030030030030030463,-0.0019980019980019303,0.012939001848428777,-0.006427915518824601,-0.009485094850948506,0.03361344537815114,0.04667863554757612,-0.039655172413793016,-0.04401408450704225,0.04220183486238538,0.020486737229264085,-0.03075282407400859,-0.0015601976250325666,0.0016495919430457029,0.003659811781108413,-0.0028631418209581483,0.001146569845213108,0.0028746646224606653,-0.037069648674826094,0.02122111320924369,0.017661054172767088,0.0,-0.050000000000000044,0.05263157894736836,0.004641164095173567,-0.000998347836749014,0.005467206244286205,0.0025513798804543963,-0.0525641025641026,-0.08825248392752783,-0.02284408909194735,-0.010175240248728068,-0.07620320855614982,-0.10899344848123882,-0.032834101382488434,-0.029625489100055913,-0.04978363105574901,0.043531497644166084,-0.07344832750194008,0.029392666781895338,-0.056016786789526485,-0.03393266349374224,0.02225425714028284,-0.07373846537534301,-0.03327171903881698,0.07675666320526142
236,1.3,-1.3,-3.2,2.2,['1.3' '-1.3'],['1.3' '-1.3' '-3.2'],['1.3' '-1.3' '-3.2' '2.2'],10,2019,2019Q4,201910,0,-0.0010193679918449883,-0.0020345879959308144,0.001996007984031989,0.0,-0.022058823529411686,-0.00910746812386154,-0.01733333333333331,0.028806584362139898,0.009049773755656076,0.00454545454545463,-0.05292479108635095,-0.0009276437847866026,-0.003922218829274127,-0.16382946155854428,0.0037355572930242165,0.0023510971786833146,-0.003038458199496441,0.0005729017473503628,0.0023928024502297696,0.0,-0.002522295288712728,0.007076113580694932,0.007955376737381226,0.028571428571428692,-0.125,0.05263157894736836,0.014790969043995794,-0.002335236920539163,0.012495301819662297,0.0008649800219893145,0.05700325732899025,0.03541315345699836,-0.19756427604871452,-0.0525641025641026,0.0543900543900544,0.10567010309278357,-0.15774240231548475,-0.07620320855614982,0.009902813795109155,0.04840963720722247,-0.028035859820700892,-0.04978363105574901,0.013820904117477717,-0.052990365388111194,0.06330337295834543,-0.08036935704514359,-0.030423609384066963,0.08266020463112533
239,-1.3,-3.2,2.2,1.1,['-1.3' '-3.2'],['-1.3' '-3.2' '2.2'],['-1.3' '-3.2' '2.2' '1.1'],1,2020,2020Q1,202001,0,0.0030487804878047697,0.003058103975535298,-0.0019920318725099584,0.0,0.005434782608695565,0.038570084666039506,-0.020270270270270285,-0.01464713715046595,0.04062229904926529,0.02118270079435125,0.00467726847521055,0.09753593429158114,0.01410043448330689,0.05469677815408458,0.0023441569716964317,-0.005525815921257005,0.0024234031504239972,0.0027780438739344326,-0.0014348574708246131,-0.002385723828609576,0.01605825786574555,-0.009524690216386134,-0.023390228483699094,0.0,0.0277777777777779,0.0,0.015838320707426856,0.006302776807684873,0.01225875779889507,0.005835916026571519,-0.0251851851851852,-0.02597402597402587,0.06779661016949134,0.05700325732899025,-0.012230215827338076,-0.06836461126005366,0.09948415622697127,0.0543900543900544,-0.03579245291604283,0.052544110040422254,0.0021502486224969086,0.009902813795109155,0.028708133971291794,-0.037735849056603654,0.048660418441730524,0.07472801854824329,-0.030685452502376975,0.07558571959836358
242,-3.2,2.2,1.1,1.7,['-3.2' '2.2'],['-3.2' '2.2' '1.1'],['-3.2' '2.2' '1.1' '1.7'],4,2020,2020Q2,202004,0,0.0,0.0,-0.00694444444444442,0.0029850746268655914,-0.03629417382999045,-0.14039408866995073,-0.054200542005420016,-0.004048582995951344,-0.12522361359570666,-0.08059210526315785,-0.014314928425357754,-0.22195704057279242,-0.00018718176558152333,-0.33227390537364254,-0.0021559158330458628,0.0006903693476010275,0.003724556084885089,-0.00887997708393018,-0.0032359379461310844,0.0037256400458538508,-0.05348247015696961,-0.01435982953492676,-0.008177892125333042,0.12121212121212133,-0.13157894736842102,0.027027027027026973,0.019001297232109637,0.003035238489054848,0.012992553126372375,0.004113947358395764,-0.1330097087378641,-0.15156507413509057,-0.07750759878419455,-0.0251851851851852,-0.06141154903758017,-0.12928970470869905,-0.08739985433357622,-0.012230215827338076,0.10994847946017416,-0.11694455488397137,-0.06229324071146447,-0.03579245291604283,0.13345652397084495,-0.016755829211668516,-0.09648882808937542,0.13842995405220448,-0.13599121547427984,-0.01767341520079646
245,2.2,1.1,1.7,0.8,['2.2' '1.1'],['2.2' '1.1' '1.7'],['2.2' '1.1' '1.7' '0.8'],7,2020,2020Q3,202007,0,-0.003054989816700604,-0.003045685279187804,-0.008179959100204415,-0.0121212121212122,0.003898635477582957,-0.06557377049180335,-0.09025787965616039,-0.05163043478260865,0.08723599632690537,0.018709073900841977,-0.03552859618717508,-0.043910521955260906,-0.010659338467063018,-0.08820638266446157,0.002692608355771675,-0.0006076388888889284,-0.004407570650764803,0.005051977071796276,0.00029154518950447184,-0.00867052023121384,0.024691358024691468,0.04010104199557918,-0.056504468718967193,0.0,0.10526315789473695,0.027027027027026973,0.01806811990258983,0.008233587965979394,0.01235606127544564,0.005753107923651024,-0.041724617524339425,-0.07702182284980752,-0.12765957446808507,-0.1330097087378641,-0.028235294117647136,-0.031890660592255204,-0.142578125,-0.06141154903758017,0.06689654845304105,0.03879089475758768,0.04212450450820504,0.10994847946017416,0.13011197663096397,-0.055523623404989064,-0.2121184675301151,0.03390360943041926,-0.08817654332730906,-0.09720910261914995
248,1.1,1.7,0.8,0.3,['1.1' '1.7'],['1.1' '1.7' '0.8'],['1.1' '1.7' '0.8' '0.3'],10,2020,2020Q4,202010,0,0.004060913705583813,0.003054989816700493,0.006160164271047153,0.002057613168724215,-0.04205607476635509,-0.030797101449275388,0.0042796005706136064,0.02485380116959046,0.007213706041478751,-0.05132591958939259,-0.13396715643906654,-0.052416052416052294,-0.08620248110909345,-0.15467742706899024,0.005431034482758612,0.00563502384048542,-0.0007796257796257589,0.0019193857965451588,0.004918507088436774,0.002319961333977716,-0.01117374672840743,-0.010754829715196146,-0.008295476989926942,0.13888888888888884,-0.1428571428571429,0.0,0.0027209628738866787,0.00024420369760536076,0.002151974722313321,0.0024513351754622548,-0.03546099290780125,0.050670640834575176,-0.02612481857764859,-0.041724617524339425,0.0022026431718060735,0.09529553679131486,0.00363196125907983,-0.028235294117647136,-0.026092298175600992,0.000739412854606325,0.03414289334346954,0.06689654845304105,0.2039779940753279,-0.06155679110405088,0.08476036618201399,0.09207991075955779,-0.08440111420612817,0.08667137523963286
251,1.7,0.8,0.3,1.2,['1.7' '0.8'],['1.7' '0.8' '0.3'],['1.7' '0.8' '0.3' '1.2'],1,2021,2021Q1,202101,0,0.005025125628140614,0.003024193548387011,0.005055611729019249,0.006103763987792554,0.02891791044776104,-0.022789425706472244,-0.005427408412483126,0.005457025920873271,0.02763385146804831,-0.01864406779661021,0.07054337464251659,-0.0870322019147084,0.12765195805503704,-0.08292545926435313,0.0024162927166033743,-0.0009483576170359331,-0.005487438909371534,0.007879312001537464,0.0007693047408403597,-0.003927203065134166,0.020510150963040097,-0.00010410160316476347,-0.02209101089280263,0.0714285714285714,-0.023255813953488302,0.04878048780487809,0.00897089510590754,0.009617882165084524,0.009962113205798984,0.008019167179274644,-0.033379694019471495,0.027142857142857135,0.02941176470588225,-0.03546099290780125,0.005154639175257714,0.005181347150259086,0.06043956043956045,0.0022026431718060735,0.035754679881815354,0.10887417320768389,0.1429945085239177,-0.026092298175600992,0.08600596259824722,0.03496961196820947,-0.06019332161687163,0.11181850789096126,0.031923753122975906,0.0035286470424364946
