Y,YY1,YY2,YY3,MONTH,YEAR,QRT,TIME,STATE,X1,X1_L1,X1_L2,X1_L3,X1_L4,X2,X2_L1,X2_L2,X2_L3,X2_L4,X3,X3_L1,X3_L2,X3_L3,X3_L4,X4,X4_L1,X4_L2,X4_L3,X4_L4,X5,X5_L1,X5_L2,X5_L3,X5_L4,X6,X6_L1,X6_L2,X6_L3,X6_L4,X7,X7_L1,X7_L2,X7_L3,X7_L4,X8,X8_L1,X8_L2,X8_L3,X8_L4,X9,X9_L1,X9_L2,X9_L3,X9_L4,X10,X10_L1,X10_L2,X10_L3,X10_L4,X11,X11_L1,X11_L2,X11_L3,X11_L4,X12,X12_L1,X12_L2,X12_L3,X12_L4,X13,X13_L1,X13_L2,X13_L3,X13_L4,X14,X14_L1,X14_L2,X14_L3,X14_L4,X15,X15_L1,X15_L2,X15_L3,X15_L4,X16,X16_L1,X16_L2,X16_L3,X16_L4,X17,X17_L1,X17_L2,X17_L3,X17_L4,X18,X18_L1,X18_L2,X18_L3,X18_L4
1.9,['1.9' '1.3'],['1.9' '1.3' '2.8'],['1.9' '1.3' '2.8' '-0.3'],2,2000,2000Q1,200002,1,,,,,,,,,,,,,,,,,,,,,,,,,,,,,,,,,,,,,,,,,,,,,,,,,,,,,,,,,,,,,,,,,,,,,,,,,,,,,,,,,,,,,,,,,,
1.3,['1.3' '2.8'],['1.3' '2.8' '-0.3'],['1.3' '2.8' '-0.3' '1.2'],5,2000,2000Q2,200005,1,,,,,,,,,,,,,,,,,,,,,,,,,,,,,,,,,,,,,,,,,,,,,,,,,,,,,,,,,,,,,,,,,,,,,,,,,,,,,,,,,,,,,,,,,,
2.8,['2.8' '-0.3'],['2.8' '-0.3' '1.2'],['2.8' '-0.3' '1.2' '1.3'],8,2000,2000Q3,200008,1,,,,,,,,,,,,,,,,,,,,,,,,,,,,,,,,,,,,,,,,,,,,,,,,,,,,,,,,,,,,,,,,,,,,,,,,,,,,,,,,,,,,,,,,,,
-0.3,['-0.3' '1.2'],['-0.3' '1.2' '1.3'],['-0.3' '1.2' '1.3' '1.4'],11,2000,2000Q4,200011,1,,,,,,,,,,,,,,,,,,,,,,,,,,,,,,,,,,,,,,,,,,,,,,,,,,,,,,,,,,,,,,,,,,,,,,,,,,,,,,,,,,,,,,,,,,
1.2,['1.2' '1.3'],['1.2' '1.3' '1.4'],['1.2' '1.3' '1.4' '1.8'],2,2001,2001Q1,200102,1,,,,,,,,,,,,,,,,,,,,,,,,,,,,,,,,,,,,,,,,,,,,,,,,,,,,,,,,,,,,,,,,,,,,,,,,,,,,,,,,,,,,,,,,,,
1.3,['1.3' '1.4'],['1.3' '1.4' '1.8'],['1.3' '1.4' '1.8' '2.5'],5,2001,2001Q2,200105,1,,,,,,,,,,,,,,,,,,,,,,,,,,,,,,,,,,,,,,,,,,,,,,,,,,,,,,,,,,,,,,,,,,,,,,,,,,,,,,,,,,,,,,,,,,
1.4,['1.4' '1.8'],['1.4' '1.8' '2.5'],['1.4' '1.8' '2.5' '1.8'],8,2001,2001Q3,200108,1,,,,,,,,,,,,,,,,,,,,,,,,,,,,,,,,,,,,,,,,,,,,,,,,,,,,,,,,,,,,,,,,,,,,,,,,,,,,,,,,,,,,,,,,,,
1.8,['1.8' '2.5'],['1.8' '2.5' '1.8'],['1.8' '2.5' '1.8' '2'],11,2001,2001Q4,200111,1,,,,,,,,,,,,,,,,,,,,,,,,,,,,,,,,,,,,,,,,,,,,,,,,,,,,,,,,,,,,,,,,,,,,,,,,,,,,,,,,,,,,,,,,,,
2.5,['2.5' '1.8'],['2.5' '1.8' '2'],['2.5' '1.8' '2' '1.1'],2,2002,2002Q1,200202,1,0.011636894,0.011636894,0.060559006,0.038709677,-0.029733959,-0.001761176,-0.001761176,-0.036486486,-0.012016021,-0.0066313,0.005282292,0.00825416,0.014300306,0.012409514,0.003112033,0.00069987,0.001516109,-0.003996004,0.003006012,0.004024145,0.022018756,-0.078491988,0.030656934,0.039453718,-0.026587888,0.000770447,0.000770447,0.072463768,-0.003610108,0,0.03593562,0.03593562,0.123867481,0.115605257,-0.118215836,0.002335931,0.005764444,0.001837511,-0.005612112,0,-0.003949433,0.002331606,-0.006051242,-0.003975378,-0.004849413,-0.002028546,0.013278008,-0.005502063,-0.047681425,-0.028629597,-0.01188404,-0.027027027,0,0.027777778,-0.027027027,0.00576243,0.00576243,-0.002035381,0.00202329,-0.004847939,0.007620809,0.007620809,0.006632776,0.00540897,0.000936465,-0.051625239,-0.020599251,0.094262295,0.104072398,-0.069473684,-0.026315789,0.02529511,0.110486891,0.126582278,-0.030674847,0.096140735,0.07837682,0.077357934,0.19724438,0.121184957,-0.000734488,-0.010716925,-0.07360493,0.047704448,-0.050085179,-0.004085399,0.01158674,-0.032689913,0.008160703,-0.017273288
1.8,['1.8' '2'],['1.8' '2' '1.1'],['1.8' '2' '1.1' '-0.7'],5,2002,2002Q2,200205,1,0.00623306,0.00623306,0.134251291,-0.071884984,-0.083455344,0.000118126,0.000118126,0.03125,0.013192612,0.063113604,0.008935221,0.010690866,0.014634146,0.01284585,0.019133938,0.001140295,0.002374019,0.008946322,0.004995005,0.004012036,-0.004309787,0.058086812,0.097709924,-0.026745914,-0.04674221,0.000266809,0.000266809,0.229779412,-0.018050542,-0.064189189,0.022910449,0.022910449,0.1062799,-1.47E-05,-0.328650041,0.002701952,0.005672296,0.005574281,0.004819591,0.005764444,0.002102182,0.007674597,0.005271956,0.005040062,0.002331606,0.000709665,0.016909469,0.04131112,0.007780508,0.013278008,-0.013793005,0,-0.028571429,-0.027777778,-0.027027027,0.00605533,0.00605533,0.025315688,0.01909131,0.007260981,0.008174349,0.008174349,0.020132091,0.015645896,0.013868712,0,0.030418251,0.060483871,-0.051625239,-0.020599251,-0.026275116,0.026984127,0.064189189,-0.026315789,0.02529511,-0.054538547,-0.059447509,0.092184051,0.096140735,0.07837682,0.005379105,0.008460788,0.221868787,-0.060515502,-0.010716925,0.001820727,0.048913043,0.141281875,-0.076678333,0.01158674
2,['2' '1.1'],['2' '1.1' '-0.7'],['2' '1.1' '-0.7' '-0.2'],8,2002,2002Q3,200208,1,-0.08089048,0.009235081,-0.037037037,0.016566265,0.007587253,0.000891117,0.000891117,-0.026785714,-0.015075377,0.005050505,-0.011149012,-0.009760412,-0.009615385,-0.002876318,0.002884615,-0.00035548,-0.000880409,-0.003940887,-0.001966568,0.001970443,-0.038881659,0.016472442,-0.065006916,0.009776536,-0.004172462,0.007912577,0.007912577,-0.042813456,-0.013574661,-0.00896861,0.027460325,0.027460325,0.07026511,0.020130249,0.065167843,0.002715878,-0.00281222,-0.000893997,0.003717472,0.005672296,-0.009541202,-0.002798626,-0.006320313,0.00418888,0.007674597,-0.00113613,-0.018886,-0.035124785,-0.031337938,0.016909469,-0.015530105,0,-0.060606061,-0.029411765,0,0.006833435,0.006833435,0.012535404,0.013260841,0.000598293,0.008541887,0.008541887,0.007564652,0.011190671,0.003123832,-0.056179775,-0.007434944,-0.007380074,0,0.030418251,-0.057894737,-0.038785835,-0.058730159,-0.026275116,0.026984127,0.025641026,-0.033296532,-0.067403315,-0.054538547,-0.059447509,0.003652143,0.072512648,-0.074882995,0.034204582,0.008460788,0.001568884,0.084041262,-0.06230441,0.011801957,0.048913043
1.1,['1.1' '-0.7'],['1.1' '-0.7' '-0.2'],['1.1' '-0.7' '-0.2' '1.9'],11,2002,2002Q4,200211,1,0.024782577,0.044844257,0.032608696,-0.030120482,0.021538462,0.001464334,0.001464334,-0.027534418,0.019132653,0.027522936,0.000642755,-0.001392113,-0.004911591,-0.004887586,-0.006796117,-0.000242378,-0.000485256,0.002970297,-0.00098912,0,-0.003019821,0.080522013,0.056934307,-0.020028612,0.034023669,0.003050053,0.003050053,0.083333333,-0.085714286,0.006389776,0.02342512,0.02342512,0.057099708,-0.025556485,-0.08338378,0.002753989,-0.002786221,0.005603668,0.006537623,-0.00281222,0.000781275,0.001271456,0.002038476,0.001275673,-0.002798626,0.006894073,0.02315251,0.023419204,0.012554052,-0.018886,-0.014878578,0.033333333,-0.090909091,0.064516129,0,0.006948342,0.006948342,0.005248478,0.012846665,-0.001434568,0.008500694,0.008500694,0.006473619,0.013503001,0.003322212,-0.019455253,0.021868787,-0.001984127,-0.056179775,-0.007434944,-0.018552876,0.003724395,0,-0.057894737,-0.038785835,0.099981788,0.019337273,-0.122189028,0.025641026,-0.033296532,0.005735281,0.125117592,-0.012387736,0.015408805,0.072512648,0.004643995,0.055096419,0.018232819,-0.002239015,0.084041262
-0.7,['-0.7' '-0.2'],['-0.7' '-0.2' '1.9'],['-0.7' '-0.2' '1.9' '2.6'],2,2003,2003Q1,200302,1,0.006294587,-0.020358309,0.063768116,0.004366812,0.033082707,0.000380737,0.000380737,0.014211886,-0.007692308,0.003861004,0.002481262,-0.001424217,0.000997009,-0.000996016,-0.008884501,0.00060566,0.001040165,-0.000985222,0.001974334,0,0.020002501,-0.023126846,0.008219178,-0.00273224,0.011049724,0.006041794,0.006041794,0.056426332,0.059800664,-0.03525641,0.027770432,0.027770432,0.171483057,0.101017782,0.055553148,0.002593259,0.006567315,0.004567369,0.001016002,-0.002786221,-5.95E-06,0.007602636,0.000126727,0.002031746,0.001271456,-0.000355619,0.009007798,0.02184366,-0.042362847,0.02315251,-0.01258537,0.064516129,0,0,0.033333333,0.007650049,0.007650049,-0.001276011,0.015051936,0.023700949,0.008910197,0.008910197,0.000712865,0.013325714,0.019216353,-0.033402923,-0.047713718,-0.001984127,-0.019455253,0.021868787,-0.046370968,-0.060606061,-0.001890359,-0.018552876,0.003724395,-0.027759943,-0.056871962,-0.134174945,0.099981788,0.019337273,0.006882522,-0.026008969,-0.037132988,-0.031772575,0.125117592,0.007191804,0.007239141,0.027706516,0.017754569,0.055096419
-0.2,['-0.2' '1.9'],['-0.2' '1.9' '2.6'],['-0.2' '1.9' '2.6' '1.3'],5,2003,2003Q2,200305,1,0.050621043,0.120621851,0.118616145,-0.069018405,-0.111716621,0.000496448,0.000496448,0.003856041,0.001287001,-0.010191083,-0.0035656,-0.003884126,-0.002002002,-0.002994012,-0.001992032,-0.001290676,-0.002473642,-0.002979146,-0.004940711,-0.001972387,0.036098688,0.145265691,0.1,-0.14600551,-0.013586957,0.024835794,-0.067563973,0.131832797,0.189292543,-0.224035608,-0.001599214,0.165826518,0.162928388,-0.011520517,-0.35680537,0.003026732,-0.00172669,0.011855734,0.005395232,0.006567315,0.005753473,-0.004955401,0.009757318,0.00528169,0.007602636,0.001343866,-0.045661523,0.017896228,0.03491006,0.009007798,-0.009821255,0.03030303,0,0,0.064516129,0.007420391,0.007420391,0.001979923,0.006004614,0.009953839,0.008595337,0.008595337,-0.001348775,0.005545916,0.009136832,-0.065217391,-0.025423729,0.019438445,-0.033402923,-0.047713718,-0.07173913,-0.037656904,0.010570825,-0.046370968,-0.060606061,0.056844915,0.118816502,-0.069044019,-0.027759943,-0.056871962,0.008334098,0,0.128909953,-0.02854512,-0.026008969,0.009637192,-0.07102593,0.144220846,-0.039405204,0.007239141
1.9,['1.9' '2.6'],['1.9' '2.6' '1.3'],['1.9' '2.6' '1.3' '0.8'],8,2003,2003Q3,200308,1,-0.057469604,0.043327678,0.00887574,0,-0.004418262,-3.57E-05,-3.57E-05,0.022280472,-0.019280206,-0.003841229,-0.002063062,-0.003101442,0.004040404,-0.003021148,-0.004012036,-0.000506569,-0.000668463,0,-0.001002004,-0.005976096,0.010416418,-0.003980664,-0.062947067,0.030973451,-0.005865103,0.00526843,0.00526843,0.061258278,-0.066460587,-0.080965909,-0.103902031,0.05807186,0.121592389,0.056225106,0.011403586,0.002642151,-0.00086881,-0.002723109,-0.001853225,-0.00172669,-0.002054416,0.001761228,-0.004757731,-0.00560259,-0.004955401,-0.000374209,-0.000135117,0.002573828,-0.021603711,-0.045661523,-0.006856497,0,0,0.058823529,0.03030303,0.006834833,0.006834833,-0.003962629,0.004882229,-0.00743772,0.008096606,0.008096606,-0.000898342,0.008786945,-0.001102643,-0.028103044,-0.002336449,-0.004651163,-0.065217391,-0.025423729,0.057208238,0.073710074,-0.046838407,-0.07173913,-0.037656904,0.064399036,0.065066499,0.057639481,0.056844915,0.118816502,0.007444833,0.023512748,0.033372365,-0.043940666,0,0.004501045,0.119144327,-0.022498677,-0.083009709,-0.07102593
2.6,['2.6' '1.3'],['2.6' '1.3' '0.8'],['2.6' '1.3' '0.8' '0.4'],11,2003,2003Q4,200311,1,0.014724101,0.043716558,0.034848485,-0.020771513,-0.011730205,0.01058074,-0.025147077,0.016731017,0.058583106,-0.058974359,0.002704752,0.00153394,0.001002004,0.005035247,-0.001006036,1.73E-05,0.000338216,0,0.001004016,-0.001003009,-0.002194925,0.019936409,0.086821705,-0.032983508,0.018320611,0.003138457,0.003138457,0.055655296,-0.04130809,-0.093603744,-0.017107656,0.062630077,-0.003001491,0.014367552,-0.128253579,0.00275444,0.000857843,0.00915162,0.00447205,-0.00086881,0.002028197,0.002865687,0.004254254,0.003641844,0.001761228,-0.000612555,0.030754511,-0.017722879,0.006486486,-0.000135117,-0.005732142,0,0.027777778,0,0,0.006470362,0.006470362,-0.010229787,0.007743897,0.001415437,0.007799902,0.007799902,0.000203991,0.005843348,0.006883218,0.087591241,0.00982801,-0.019277108,-0.028103044,-0.002336449,0.114485981,0.007058824,-0.08008658,0.057208238,0.073710074,0.017664502,0.121630921,-0.081570042,0.064399036,0.065066499,0.00977845,0.152837327,0.114390107,-0.015222807,0.023512748,0.006781489,0.129079755,0.07661823,-0.084200339,0.119144327
1.3,['1.3' '0.8'],['1.3' '0.8' '0.4'],['1.3' '0.8' '0.4' '0.8'],2,2004,2004Q1,200402,1,-0.001632885,-0.013340123,0.09929078,-0.007042254,0.039531479,0.000750164,0.000750164,0.020330368,-0.01992528,0.016455696,-0.0029905,-1.77E-05,0,-0.000996016,0.005005005,0.00011304,0.000398998,0.002994012,0.000999001,0.004012036,0.023235952,-0.044281175,0.015580737,0,0.007132668,0.023321027,0.015099853,0.131438721,-0.081566069,0.042517007,-0.022234909,-0.00021445,0.269261911,0.054102066,0.086946309,0.002652193,0.006227867,0.004538763,-0.00183666,0.000857843,0.00344287,0.013638039,0.006554539,0.004596844,0.002865687,0.001172429,0.018184114,0.022730208,0.026786898,0.030754511,-0.005298046,-0.054054054,-0.051282051,0.054054054,0,0.006314129,0.006314129,-0.003254931,0.012620071,0.00999033,0.007705129,0.007705129,-0.006061644,0.010389224,0.008541697,-0.039130435,-0.014989293,0.044742729,0.087591241,0.00982801,-0.010245902,0.002053388,0.020964361,0.114485981,0.007058824,0.041154979,0.046613462,0.018249642,0.017664502,0.121630921,0.012809405,-0.119541721,0.070833333,-0.054911398,0.152837327,0.010832277,-0.078045814,0.122156506,-0.044555531,0.129079755
0.8,['0.8' '0.4'],['0.8' '0.4' '0.8'],['0.8' '0.4' '0.8' '0.9'],5,2004,2004Q2,200405,1,0.01164974,0.091888402,0.101226994,-0.023952096,-0.138064516,0.001599531,0.001599531,-0.018270402,0.031407035,-0.00871731,0.000714952,0.002165834,0.000992063,0.001988072,0.002991027,0.001702618,0.003135355,0.000986193,0.005952381,0.002985075,0.010109634,0.08647803,0.06875,-0.103641457,-0.0041841,0.028606023,-0.068911792,0.129186603,0.189753321,-0.172684458,0.030592486,0.163062041,0.225122437,-0.028444811,-0.390797065,0.002905803,0,0.009665338,0.004490291,0.006227867,0.006609179,0.004861852,0.009577397,0.012484848,0.013638039,0.001735344,-0.000244888,0.014156215,-0.001240233,0.018184114,-0.005493729,0,0,0.028571429,-0.054054054,0.006196761,0.006196761,0.001141737,0.018802222,-0.00223858,0.007504286,0.007504286,0.000516836,0.015101687,0.00443488,-0.014527845,-0.028235294,-0.038461538,-0.039130435,-0.014989293,-0.033039648,-0.008733624,-0.051759834,-0.010245902,0.002053388,-0.068378842,-0.020056786,-0.003305336,0.041154979,0.046613462,0.014250205,-0.013842199,0.12054066,0.10802848,-0.119541721,0.012066341,-0.01754386,0.1004313,0.070580475,-0.078045814
0.4,['0.4' '0.8'],['0.4' '0.8' '0.9'],['0.4' '0.8' '0.9' '1.9'],8,2004,2004Q3,200408,1,-0.056508535,0.044879878,0.009915014,-0.001414427,-0.015320334,0.002011511,-0.000978494,-0.034313725,0.007407407,0.004962779,-0.004400412,-0.00380811,-0.002985075,-0.003964321,0,-0.000986019,-0.001959032,-0.001978239,-0.003940887,0,0.004049023,0.007873399,-0.020086083,0.016034985,0.002923977,-0.005419651,0.043155496,0.089905363,-0.020092736,-0.086158192,-0.117198424,0.126093808,0.084767806,-0.007727214,0.001760544,0.002722053,0.006107784,0,-0.000837621,0,-4.27E-05,0.004006599,-0.000941841,0.00236016,0.004861852,0.00200493,0.016348119,-0.016782886,0.036252296,-0.000244888,-0.005682096,0.057142857,-0.054054054,0.027777778,0,0.006003116,0.006003116,0.009033034,0.000859595,0.006713065,0.007306789,0.007306789,0.007398981,0.007084567,0.00483914,-0.081280788,-0.014563107,0.012285012,-0.014527845,-0.028235294,-0.088305489,-0.021028037,-0.025056948,-0.033039648,-0.008733624,0.09278701,-0.064202904,-0.022454717,-0.068378842,-0.020056786,0.012761913,0.01433545,-0.023204641,0.002406256,-0.013842199,0.010716326,-0.007748935,0.046422056,-0.062879939,-0.01754386
0.8,['0.8' '0.9'],['0.8' '0.9' '1.9'],['0.8' '0.9' '1.9' '1.5'],11,2004,2004Q4,200411,1,0.010416382,0.063655296,0.041237113,-0.023021583,-0.025245442,0.001611255,-0.002801608,0.008883249,0.01025641,-0.010152284,-0.002299774,-0.003286228,-0.001006036,-0.004008016,-0.003992016,-0.001535438,-0.002706681,-0.002,-0.004975124,-0.003964321,0.004031935,0.065936647,0.117554859,-0.056213018,-0.010248902,-0.013502992,0.035901967,-0.027113238,0.009661836,-0.10130246,0.004292262,0.085792457,0.055284309,0.023796545,-0.099043433,-3.79E-05,0,0,0.008689442,0.006107784,0.003126689,0.000463499,0.004072135,0.008802817,0.004006599,0.002432263,0.028961812,-0.014387661,0.027557658,0.016348119,-0.004333203,0,0,0,0.057142857,0.005929845,0.005929845,0.012438965,0.002490382,0.002529289,0.007180761,0.007180761,0.012070502,0.001111646,0.006604237,-0.040229885,-0.005714286,-0.061662198,-0.081280788,-0.014563107,-0.033898305,-0.013927577,-0.060209424,-0.088305489,-0.021028037,0.051770399,-0.000299369,0.039224959,0.09278701,-0.064202904,0.012373834,0.084461507,0.059743041,-0.057137089,0.01433545,0.005049397,0.119992106,0.015227409,-0.025575947,-0.007748935
0.9,['0.9' '1.9'],['0.9' '1.9' '1.5'],['0.9' '1.9' '1.5' '1'],2,2005,2005Q1,200502,1,-0.012893095,0.000774976,0.077455048,0.005563282,0.016973126,0.003060799,-0.005871165,-0.014925373,0.020304569,-0.008805031,-0.001129868,-0.000670943,-0.002016129,-0.001007049,0,-0.000472826,-0.00065302,-0.004020101,-0.001004016,-0.002004008,0.00390569,-0.026686442,0.047887324,0.007092199,-0.011220196,0.00978168,0.010415571,0.039669421,-0.032,0.024590164,-0.021400256,0.05407929,0.201379603,0.025653324,-0.014358758,0.00550833,0.009836454,0.001780838,-0.006018409,0,-0.003878822,0.009560452,-0.007291667,0.000694927,0.000463499,0.001125038,0.043020193,-0.04845447,-0.049029622,0.028961812,-0.003643088,0,0,0.027027027,0,0.005948948,0.005948948,0.003317796,0.006924072,-0.000484621,0.007120818,0.007120818,0.003817121,0.005521787,0.000533231,0,0.06097561,-0.017964072,-0.040229885,-0.005714286,0.147945205,0.112804878,-0.040935673,-0.033898305,-0.013927577,0.084335799,0.041052773,0.020340296,0.051770399,-0.000299369,0.013147315,-0.048384084,-0.012725931,0.010247811,0.084461507,0.011729057,-0.06281277,0.020965469,0.000176211,0.119992106
1.9,['1.9' '1.5'],['1.9' '1.5' '1'],['1.9' '1.5' '1' '1.6'],5,2005,2005Q2,200505,1,0.028812987,0.111235322,0.150154799,-0.07183908,-0.106546855,-0.005211596,0.015532393,0.030888031,-0.039555006,0.021464646,0.003256779,0.002358834,0.005045409,0.003036437,-0.002020202,-0.001123294,-0.001770128,0.001013171,-0.003030303,-0.001009082,-0.013521917,0.082298922,0.074738416,-0.027616279,-0.075268817,0.006582079,0.030784494,0.193548387,-0.051529791,-0.012718601,0.029053824,0.294870572,0.345145379,-0.082561308,-0.368399651,0.003447621,0.000929476,0.006078317,0.003990142,0.009836454,0.001249446,0.002763385,0.000921978,0.002078762,0.009560452,0.002023498,0.012437811,0.015762243,-0.000601251,0.043020193,-0.003895326,0,0,-0.026315789,0,0.005987254,0.005987254,-9.36E-05,0.020331046,-0.003503636,0.007068901,0.007068901,-0.003875839,0.012355933,0.002074359,-0.029649596,-0.028795812,0.097701149,0,0.06097561,-0.038860104,-0.044554455,-0.035799523,0.147945205,0.112804878,0.064643915,-0.05631265,-0.045166904,0.084335799,0.041052773,0.014107877,-0.071128976,0.242023008,-0.09560267,-0.048384084,-0.054885068,-0.065282366,0.233410943,-0.051003498,-0.06281277
1.5,['1.5' '1'],['1.5' '1' '1.6'],['1.5' '1' '1.6' '0.7'],8,2005,2005Q3,200508,1,-0.078831053,0.032178006,0.010884354,0.012396694,-0.022880215,-0.001905261,0.00582308,0.015523933,-0.014030612,-0.021223471,-0.004797057,-0.004755959,-0.005035247,-0.003012048,0,-1.55E-05,0.000325125,-0.001013171,0.001014199,-0.002024291,-0.046755759,0.023709158,-0.016689847,0.019858156,-0.019471488,-0.011551336,0.016208241,0.062780269,0.034003091,-0.079658606,-0.172991748,0.022377214,0.084721854,0.029349902,0.036985063,0.002440918,0.003962242,-0.003020797,-0.000928613,0.000929476,-0.001553565,0.006153489,-0.004507628,-0.006544953,0.002763385,0.002005615,0.026533019,0.0147182,-0.022230022,0.012437811,-0.003290436,0,0.027027027,0,0,0.005971808,0.005971808,0.012761071,-0.000693402,0.017775688,0.006962473,0.006962473,0.012878539,0.001253113,0.017124475,0.029177719,0.030054645,0.016666667,-0.029649596,-0.028795812,0.050970874,0.08707124,0.021563342,-0.038860104,-0.044554455,-0.025159949,0.102295271,0.039115243,0.064643915,-0.05631265,0.00423894,-0.01061342,0.035774176,0.009783631,-0.071128976,0.019297424,0.009019741,-0.00339213,-0.007741501,-0.065282366
1,['1' '1.6'],['1' '1.6' '0.7'],['1' '1.6' '0.7' '1.6'],11,2005,2005Q4,200511,1,0.006790139,0.049160651,0.040559441,-0.01920439,-0.01884253,0.000411808,0.000674169,0,0,0.003821656,0.003867039,0.005614275,0.00201005,0.004036327,0.003036437,-0.000263603,-0.000176921,0,0,0.001014199,-0.011694638,0.061668223,0.068047337,-0.031518625,-0.012729844,0.011288163,0.056801456,-0.033123028,-0.094285714,-0.015471167,0.005249993,0.09559871,0.037457334,0.026732579,-0.149746851,0.004625201,-0.001957623,0.004976276,0.003017992,0.003962242,0.002831973,0.002635197,0.004372842,0.002769444,0.006153489,0.002674926,-0.005606638,0.014792899,0.00953475,0.026533019,-0.00232571,-0.025,0.081081081,-0.026315789,0,0.005958538,0.005958538,3.38E-05,-0.002721213,0.006999732,0.006985609,0.006985609,0.002638984,-0.000940085,0.010475921,0.029279279,0.059665871,0.079896907,0.029177719,0.030054645,0.06029106,0.064159292,0.043879908,0.050970874,0.08707124,0.120308088,-0.05151473,0.127089622,-0.025159949,0.102295271,-0.001769584,0.027027027,0.055974959,-0.012545455,-0.01061342,-0.006029787,-0.004098361,0.042392376,0.026480013,0.009019741
1.6,['1.6' '0.7'],['1.6' '0.7' '1.6'],['1.6' '0.7' '1.6' '0.8'],2,2006,2006Q1,200602,1,-0.024742506,-0.021856599,0.079283887,0.037135279,0.01344086,0.006225438,-0.012754249,-0.036275695,0.037641154,0.01142132,0.001287044,0.001567496,0.002997003,0.003006012,0.001003009,0.000815818,0.001882331,0.003027245,0.004052685,0,-0.011142636,-0.034694483,0.087696335,0.039455782,0.01800554,0.01254458,-0.036306187,0.100436681,0.031531532,0.086460033,-0.070007274,0.022709235,0.139143353,0.110409206,0.000226226,0.005094372,0.006006006,0.003012048,-0.004038306,-0.001957623,-0.000595029,0.00344788,-0.002865001,-0.002856816,0.002635197,0.002016228,-0.009321836,-0.010149942,-0.02232747,-0.005606638,-0.004078906,-0.028571429,-0.027777778,-0.076923077,-0.025,0.005845248,0.005845248,0.007204412,0.011045265,-0.001020429,0.006886115,0.006886115,0.006288837,0.0105342,0.000918598,-0.010822511,-0.010706638,0.021881838,0.029279279,0.059665871,-0.029880478,-0.007905138,-0.007843137,0.06029106,0.064159292,-0.020173878,0.014832858,0.063147429,0.120308088,-0.05151473,0.02400389,-0.079434534,-0.031616688,0.041765705,0.027027027,-0.001006454,-0.047391952,0.022398293,0.038778094,-0.004098361
0.7,['0.7' '1.6'],['0.7' '1.6' '0.8'],['0.7' '1.6' '0.8' '1.7'],5,2006,2006Q2,200605,1,0.016463334,0.095470725,0.112696148,-0.043656207,-0.131516588,-0.00448606,0.013081895,0.007518797,-0.028014616,0.030112923,-0.00138541,0.000575348,0,0.00099108,0.00498008,-0.001406878,-0.000196154,0.002006018,-0.001002004,0.004024145,0.022895098,0.06813847,0.106666667,-0.113009198,-0.08423586,-0.017041586,0.034933404,0.207658321,0.027231467,-0.125661376,0.000583808,0.264314785,0.294870535,0.001084854,-0.408251004,0.00390113,0.001025174,0.00595852,0.00195178,0.006006006,0.00017538,0.001834021,-0.001259302,0.000458138,0.00344788,0.001706403,0.014691943,0.00404473,-0.011291461,-0.009321836,-0.003899769,0,0,0.029411765,-0.028571429,0.005894593,0.005894593,0.004246841,0.010916365,0.002967844,0.006833296,0.006833296,0.001410131,0.01127695,-0.000710426,-0.004338395,0.008752735,0,-0.010822511,-0.010706638,-0.034343434,0.004056795,0.012320329,-0.029880478,-0.007905138,-0.071865777,0.044226243,-0.008741679,-0.020173878,0.014832858,-0.026656068,-0.063299233,0.150634541,-0.006032907,-0.079434534,-0.027235775,-0.055185801,0.107153823,0.019086358,-0.047391952
1.6,['1.6' '0.8'],['1.6' '0.8' '1.7'],['1.6' '0.8' '1.7' '1.7'],8,2006,2006Q3,200608,1,-0.072758411,0.041308041,-0.003851091,0.015645372,-0.016666667,0.00355693,-0.006211329,-0.008739076,0.016497462,-0.019900498,0.001134284,-7.73E-05,-0.003968254,0.000993049,-0.002970297,0.000716649,-0.000231218,-0.000999001,0.002002002,0,-0.058114059,0.058875668,-0.021080369,0.027063599,-0.010709505,-0.009334497,0.022310165,-0.046035806,0.03030303,-0.074390244,-0.162597943,0.065224542,0.086540118,0.011155491,-0.004801688,0.001542902,0.003868912,-0.001930721,0.001934456,0.001025174,-0.000108915,0.003198538,-0.001938205,0.003546911,0.001834021,0.002195801,0.013974097,0.009172208,0.018449323,0.014691943,-0.003734773,0,0.029411765,-0.028571429,0,0.006025464,0.006025464,0.016773687,0.013835322,0.009416938,0.006841178,0.006841178,0.013032589,0.008516759,0.011164114,-0.012448133,0.025531915,0.023965142,-0.004338395,0.008752735,-0.024539877,0,0.023012552,-0.034343434,0.004056795,0.042317116,0.002061537,-0.017113152,-0.071865777,0.044226243,0.011984987,-0.059968603,0.010629859,0.07559727,-0.063299233,0.003213993,-0.020049779,-0.011481684,0.073671852,-0.055185801
0.8,['0.8' '1.7'],['0.8' '1.7' '1.7'],['0.8' '1.7' '1.7' '1.2'],11,2006,2006Q4,200611,1,-0.010531848,0.049819665,0.072463768,0.032653061,-0.052835052,0.019164255,-0.038028163,0.025094103,0.078484438,-0.069269521,-0.000675865,-0.00214368,0.00502008,-0.003003003,-0.00498008,-0.000164744,-0.000112653,0.002014099,0,-0.007,-0.008378102,0.068708435,0.078014184,0.017316017,-0.067294751,-0.010966255,-0.00564869,0,0.069014085,-0.048257373,-0.027741599,0.116943329,0.163373869,0.066949163,-0.1680559,0.002646451,-0.004831461,0.002929908,0.005894355,0.003868912,0.002268437,-0.009134995,0.003281285,0.00637668,0.003198538,0.002080344,-0.012425901,-0.034771127,0.018263305,0.013974097,-0.003592947,0.028571429,0,0,0,0.006057971,0.006057971,0.024175332,0.009257972,-0.00541971,0.006888092,0.006888092,0.017248427,0.007500185,0.003650054,0.012931034,-0.008547009,-0.016806723,-0.012448133,0.025531915,0.021645022,-0.014925373,-0.016771488,-0.024539877,0,0.049584112,-0.005002151,0.013801617,0.042317116,0.002061537,-0.015413349,-0.094159043,0.111545682,0.06746827,-0.059968603,-0.006147107,-0.069357367,0.027099544,0.051784958,-0.020049779
1.7,['1.7' '1.7'],['1.7' '1.7' '1.2'],['1.7' '1.7' '1.2' '2.2'],2,2007,2007Q1,200702,1,-0.043332586,-0.026376267,0.063260341,0.047133758,-0.035626536,-2.04E-05,0.003768434,-0.041412911,-0.006053269,0.011015912,-0.000361174,0.001308217,-0.001982161,0.002982107,0.004995005,-0.00263152,0.002191642,0.001984127,0.002985075,0.010050251,-0.037459989,-0.034678003,0.074968234,0.02875817,0.006578947,-0.008067768,-0.010744818,0.036895674,0.067934783,-0.03030303,-0.112926273,0.002994296,0.149224884,0.101578844,-0.068416814,0.005246054,0.002036429,0.002836397,-0.004854917,-0.004831461,0.00029203,0.000114482,-0.000915018,-0.00489415,-0.009134995,0.001668422,-0.01734646,0.00070373,-0.015814383,-0.012425901,-0.003800251,0,-0.028571429,-0.027777778,0.028571429,0.006309373,0.006309373,0.018344901,0.015386282,-0.00102418,0.007022537,0.007022537,0.013465529,0.013416582,0.000889313,-0.004016064,0.026804124,0.031914894,0.012931034,-0.008547009,-0.012072435,0.031120332,0.021186441,0.021645022,-0.014925373,0.041985547,-0.051747696,0.001570999,0.049584112,-0.005002151,0.034658128,-0.032725079,-0.059965977,0.096022374,-0.094159043,-0.004271087,0.009718939,0.028085336,0.039438596,-0.069357367
1.7,['1.7' '1.2'],['1.7' '1.2' '2.2'],['1.7' '1.2' '2.2' '0.4'],5,2007,2007Q2,200705,1,-0.000132512,0.102870675,0.09811828,-0.033766234,-0.118993135,0.000983049,-0.000660646,-0.002525253,0.003802281,0.002541296,0.001046588,0.001308841,0,0.000993049,0,0.002192338,0.000693592,0.001980198,0.001984127,-0.001980198,0.003254358,0.051468339,0.064343164,-0.022280472,-0.098108747,-0.001010694,0.033840543,0.149802891,-0.012970169,-0.05398773,-0.01264132,0.285586835,0.220538596,-0.035621345,-0.359659444,0.002111256,0.003790835,0.005831558,0.006774303,0.002036429,0.002594858,0.0069484,0.004347329,0.000572344,0.000114482,0.002004621,0.011796733,0.032560319,0.018368321,-0.01734646,-0.00432468,0.03125,0.032258065,-0.088235294,0,0.006316966,0.006316966,0.011665543,0.006345525,-0.005124506,0.006998478,0.006998478,0.00834506,0.007206475,-0.001625301,0.028169014,0.016359918,-0.014112903,-0.004016064,0.026804124,0.032388664,0.03131524,-0.024439919,-0.012072435,0.031120332,0.10288282,0.061746584,0.02484231,0.041985547,-0.051747696,-0.032240874,-0.018267447,0.150008206,-0.050046773,-0.032725079,-0.02292644,0.002570694,0.150239369,-0.076222685,0.009718939
1.2,['1.2' '2.2'],['1.2' '2.2' '0.4'],['1.2' '2.2' '0.4' '0.5'],8,2007,2007Q3,200708,1,-0.064964252,0.039507325,0.013463892,0.01743462,-0.017135863,0.00264327,-0.004573062,-0.013630731,0.01509434,0.006329114,-0.000455134,4.77E-05,0.002973241,0,0.000992063,-0.000359827,-4.32E-05,0.000986193,0,0.001976285,-0.061539385,0.039412151,-0.036204744,0.044328553,-0.034005038,0.0099522,0.035734275,-0.00969697,-0.040697674,-0.017142857,-0.130229054,0.089491109,0.074214221,0.0056905,0.029278774,0.001616718,0.003772747,0,0.000999667,0.003790835,0.001662299,0.001234845,0.002024747,0.005656109,0.0069484,0.002094707,-0.000223739,-0.002900167,0.005044843,0.011796733,-0.003822134,0,0,0,0.03125,0.006354287,0.006354287,0.024108397,0.01292626,-0.002393968,0.007015843,0.007015843,0.017081546,0.011900581,0.002260517,0.001890359,0.027184466,0.007827789,0.028169014,0.016359918,-0.013084112,0.020992366,0.02745098,0.032388664,0.03131524,-0.031051017,0.108780684,0.02509833,0.10288282,0.061746584,0.010770154,0.023255814,0.01438435,0.010612008,-0.018267447,0.037127277,0.033039929,-0.048318563,0.005738706,0.002570694
2.2,['2.2' '0.4'],['2.2' '0.4' '0.5'],['2.2' '0.4' '0.5' '0.8'],11,2007,2007Q4,200711,1,0.000481684,0.025775081,0.003680982,0.001228501,-0.016908213,0.003866302,-0.007930022,-0.021013597,0.024050633,-0.007537688,-0.001213958,0.000544682,0,0.000983284,0.004940711,0.000458261,4.58E-05,-0.000984252,0.000985222,0,-0.012270358,0.052541929,0.085676037,-0.01321004,-0.019430052,-0.010871517,0.019945858,-0.120204604,0.034391534,-0.074663403,0.00205435,0.084667471,0.001239229,0.02121765,-0.10071773,0.00396291,0.001976719,0.005632247,0.000994915,0.003772747,0.002853131,0.002009826,0.004711689,-0.000560601,0.001234845,0.002381058,0.009317443,0.023054755,0.009511022,-0.000223739,-0.00402913,0.03125,-0.03030303,0,0,0.00644777,0.00644777,0.015204295,0.00524505,-0.001877086,0.007050839,0.007050839,0.013828549,0.007954514,-0.000838882,0.003745318,-0.009276438,0.016981132,0.001890359,0.027184466,0.022140221,0.005565863,0.020833333,-0.013084112,0.020992366,-0.076930528,0.060812338,0.039098033,-0.031051017,0.108780684,0.030948374,0.174826188,-0.052169138,0.009423503,0.023255814,0.047542955,0.203745517,-0.076989089,0.00728575,0.033039929
0.4,['0.4' '0.5'],['0.4' '0.5' '0.8'],['0.4' '0.5' '0.8' '-3.3'],2,2008,2008Q1,200802,1,0.0013753,-0.027142118,0.07727797,0.004634994,0.055012225,0.000630538,0.001749728,-0.017010936,-0.001213592,0.04040404,0.000983472,0.000280045,-0.001966568,0.000984252,-0.001964637,0.000135678,0.001430944,0.003933137,0.000984252,0.000985222,-0.00939989,-0.028177044,0.037758831,0.006127451,0.006165228,0.016251109,-0.065472083,0.051558753,0.066496164,0.136627907,-0.036383097,-0.014453935,0.180711212,0.068619878,0.077387737,0.002873442,0.004695348,0.003726436,0,0.001976719,0.002576894,0.005636605,0.003994674,0.004234455,0.002009826,0.003016914,0.03042905,0.017020838,0.040575354,0.009317443,-0.004212839,-0.032258065,-0.060606061,0,0.03125,0.006695439,0.006695439,0.010303236,0.013185147,0.013987063,0.007217526,0.007217526,0.006598605,0.009237733,0.013588126,-0.085923218,-0.023214286,0.044776119,0.003745318,-0.009276438,-0.069852941,-0.076400679,0.063176895,0.022140221,0.005565863,0.053512076,-0.143611666,-0.004653725,-0.076930528,0.060812338,0.050085352,-0.000801175,-0.086373063,0.010602885,0.174826188,0.012233893,0.077194861,-0.002456478,0.033101622,0.203745517
0.5,['0.5' '0.8'],['0.5' '0.8' '-3.3'],['0.5' '0.8' '-3.3' '0.1'],5,2008,2008Q2,200805,1,0.031279013,0.089609096,0.101651842,-0.05861244,-0.104925054,-0.001870352,0.00749686,0.014925373,-0.017114914,0.011124845,-0.003516267,-0.004732648,-0.004975124,-0.005934718,-0.003940887,-0.001146419,-0.001633717,0,-0.000976563,0.002938296,0.005717815,0.06394089,0.075129534,-0.039800995,-0.056338028,-0.005550648,0.063833384,0.175675676,-0.037711313,-0.123147092,0.066020863,0.265715815,0.206870018,-0.110291739,-0.361107549,0.002699426,0.005578202,0.00931139,0.003803934,0.004695348,0.007307212,0.021175965,0.013067625,0.009231784,0.005636605,0.004358138,0.038011696,0.081552468,0.027168028,0.03042905,-0.004403253,0.033333333,0.034482759,-0.033333333,-0.032258065,0.006930733,0.006930733,0.001013479,0.014964796,0.017406558,0.007286922,0.007286922,0.006453596,0.009139327,0.012576695,0.001976285,0.001980198,0.01,-0.085923218,-0.023214286,0.060240964,-0.033009709,0.017786561,-0.069852941,-0.076400679,0.0145442,0.071291498,-0.004457765,0.053512076,-0.143611666,-0.044330285,0.028825366,0.186546957,-0.062274489,-0.000801175,-0.012370484,0.02399613,0.134218613,-0.09432462,0.077194861
0.8,['0.8' '-3.3'],['0.8' '-3.3' '0.1'],['0.8' '-3.3' '0.1' '1.3'],8,2008,2008Q3,200808,1,-0.056990914,0.053409203,-0.011627907,0.005847953,-0.01384083,-0.002983669,0.010250953,-0.004993758,-0.024360536,0.006127451,-0.000920253,-0.001135234,-0.005025126,-0.003006012,-0.002,-0.000405279,-0.002351671,-0.004916421,-0.002941176,-0.002932551,-0.032196774,0.024434801,-0.073671498,0.014705882,-0.01686747,0.008955162,0.033441314,0.014634146,-0.036427732,-0.02183908,-0.125582416,0.153592102,0.040847627,0.015022979,0.011136834,0.002302548,0.007254758,0.006348535,0.00821421,0.005578202,0.011221947,0.019396771,0.01609741,0.020105263,0.021175965,0.011657182,0.01081487,0.026916551,0.106786172,0.038011696,-0.003927741,0,-0.03125,0.032258065,0.033333333,0.007084012,0.007084012,0.004201638,0.008856047,0.026097278,0.007426502,0.007426502,0.00198589,0.007890183,0.021335399,0.005545287,0.036398467,0.029585799,0.001976285,0.001980198,-0.031879195,0.045614035,0.079545455,0.060240964,-0.033009709,-0.075520327,-0.047912736,-0.095625317,0.0145442,0.071291498,0.019352974,0.089917937,-0.009866512,0.00572029,0.028825366,0.025049646,0.130170778,-0.012738854,0.008787678,0.02399613
-3.3,['-3.3' '0.1'],['-3.3' '0.1' '1.3'],['-3.3' '0.1' '1.3' '3'],11,2008,2008Q4,200811,1,0.023053413,0.055871037,0.03410475,-0.032979976,-0.001176471,0.000163239,0.001015348,-0.015286624,-0.001272265,-0.013801757,0.000945508,-1.94E-05,-0.002030457,-0.001014199,-0.004040404,-0.000120614,0.000334436,-0.000992063,-0.00099108,-0.002964427,-0.004934489,0.064598986,0.041884817,-0.030456853,0.0273794,0.01321426,0.033406838,-0.05994898,-0.051995163,-0.006009615,0.008127354,0.099509248,0.064284792,0.020709869,-0.1031945,0.003494439,-0.000940242,0.000941127,-0.00177453,0.007254758,-0.001546659,-0.002608085,-0.004095904,-0.0027894,0.019396771,0.009957216,0.04101785,0.023160022,-0.043985437,0.01081487,-0.003481175,0.03125,-0.03030303,0.064516129,0,0.007098675,0.007098675,-0.001146675,0.013108201,0.005437792,0.007373933,0.007373933,0.003556886,0.011715951,0.003215611,-0.032692308,-0.051094891,0.007352941,0.005545287,0.036398467,-0.023575639,-0.123924269,0.006932409,-0.031879195,0.045614035,-0.03323271,-0.231344005,-0.017758303,-0.075520327,-0.047912736,0.007800275,-0.025372245,0.025782014,-0.119716037,0.089917937,0.051508643,-0.096537827,-0.029942248,-0.055154466,0.130170778
0.1,['0.1' '1.3'],['0.1' '1.3' '3'],['0.1' '1.3' '3' '0.7'],2,2009,2009Q1,200902,1,0.017306422,0.049999459,0.062653563,-0.045720985,0.004711425,-0.018863532,0.045294304,-0.103299857,-0.113231552,0.016817594,-0.003035376,-0.004204565,-0.004106776,-0.005107252,-0.004069176,-0.003133279,-0.005021489,-0.012048193,-0.007968127,-0.002979146,0.027061034,-0.018464557,0.034438776,-0.006337136,-0.00879397,0.023762507,0.033610299,0.04040404,-0.092931937,0.036635007,-0.028991539,0.046272505,0.110482465,0.02014326,-0.007128252,0.003228314,0.000943693,0,-0.002718812,-0.000940242,-0.010342493,-0.002827817,-0.016785089,-0.023332998,-0.002608085,-0.010920457,-0.017898575,-0.056966477,-0.066253192,0.04101785,-0.002801962,-0.029411765,0,0.03030303,0.03125,0.007126045,0.007126045,-0.001413119,0.011715493,0.013601024,0.007348078,0.007348078,-0.006227026,0.008363597,0.007486549,-0.132352941,-0.318295739,-0.206759443,-0.032692308,-0.051094891,0.098837209,-0.133501259,-0.201207243,-0.023575639,-0.123924269,-0.08525871,0.033473548,0.044978487,-0.03323271,-0.231344005,0.009149458,-0.156255691,-0.113640032,-0.242850159,-0.025372245,0.02720446,-0.055737705,-0.074706105,-0.197992701,-0.096537827
1.3,['1.3' '3'],['1.3' '3' '0.7'],['1.3' '3' '0.7' '2'],5,2009,2009Q2,200905,1,-0.013582212,0.121090283,0.106578947,-0.005235602,-0.116763006,-0.000920806,-0.000920806,0.046407186,0.063694268,0.0048,0.005180743,0.004563114,0.005144033,0.005170631,-0.003092784,-0.000232013,0.00140512,0,-0.001023541,-0.007113821,0.007506625,0.061632948,0.083791209,-0.066666667,-0.038224414,-0.040091865,0.029001312,0.148026316,0.111517367,-0.241331484,-0.004045574,0.235967444,0.141249018,0.005420129,-0.293379643,0.002977572,0.002581578,0.007176287,0.007228158,0.000943693,0.003661463,0.001142145,0.004799165,0.006721983,-0.002827817,0.006995191,-0.0776629,0.013072426,0.039149511,-0.017898575,-0.002438658,0.057142857,0.060606061,0,-0.029411765,0.00720228,0.00720228,-0.00214123,0.017348981,0.013675693,0.007294776,0.007294776,-0.001035201,0.011382128,0.011132511,0.02811245,-0.007968127,0.063559322,-0.132352941,-0.318295739,0.018617021,0.01897019,-0.023809524,0.098837209,-0.133501259,0.019374014,0.135211314,0.134737496,-0.08525871,0.033473548,0.009867217,0.065980425,0.128117266,0.133822577,-0.156255691,0.008787904,0.034377852,0.064098414,-0.10619213,-0.055737705
3,['3' '0.7'],['3' '0.7' '2'],['3' '0.7' '2' '1.9'],8,2009,2009Q3,200908,1,-0.042271843,0.007171519,0.06122449,-0.01536643,0.005945303,-1.82E-05,-1.82E-05,0.032653061,0.012396694,0.038626609,0.000493716,0.005060614,0.009045226,0.006066734,0.012282497,-0.001297117,-0.00022681,0.006134969,0,0.00204918,-0.032566297,-0.014728712,-0.020190024,0.078104994,-0.010139417,-0.006220087,0.008341607,0.119359534,0.031531532,-0.045845272,-0.078880785,0.047293659,0.248305517,-0.019289624,0.067776867,0.002214605,0.003504793,-0.000823978,0,0.002581578,-0.000918244,0.011421985,-0.002612876,-0.007674756,0.001142145,0.015166846,-0.000255754,0.05116946,-0.030326729,-0.0776629,-0.001380507,-0.025641026,0,0.054054054,0.057142857,0.007179098,0.007179098,0.007442599,0.011188909,0.009985996,0.007254551,0.007254551,0.008913069,0.010679592,0.007774916,0.141818182,-0.035087719,0.11328125,0.02811245,-0.007968127,0.080684597,0,0.067885117,0.018617021,0.01897019,0.022192398,0.1202961,-0.004169383,0.019374014,0.135211314,0.010673474,0.066555992,0.102679314,-0.048757322,0.065980425,0.009300181,0.071267288,0.113625648,-0.064264706,0.034377852
0.7,['0.7' '2'],['0.7' '2' '1.9'],['0.7' '2' '1.9' '1.2'],11,2009,2009Q4,200911,1,0.004533337,0.043645394,0.106280193,-0.031578947,-0.03280543,0.00045391,0.00045391,0.032258065,-0.00128866,0.022397892,-0.001566726,-0.001554803,0.00297619,0.001988072,0.001992032,-0.000369206,-0.002150298,0.001013171,0.001014199,0.00203252,-0.001934824,0.051616861,0.10821382,-0.037641154,-0.033939394,0.002534895,0.05818797,0.176470588,-0.058238636,-0.084525358,0.002803427,0.117194718,0.246014213,-0.042626005,-0.224731921,0.00177052,-0.00255676,0.000818833,0.003595275,0.003504793,0.001299787,-0.007925072,0.000927166,0.005698301,0.011421985,-0.000871526,-0.010990884,-0.019301471,0.020550866,-0.000255754,-0.002025125,0,-0.052631579,0,-0.025641026,0.007153336,0.007153336,0.009616237,0.01296324,-0.001805389,0.007255845,0.007255845,0.010320765,0.012210267,0.000787887,-0.068181818,0.023255814,0.095541401,0.141818182,-0.035087719,-0.033557047,0.015909091,-0.004524887,0.080684597,0,-0.015872815,-0.055255388,0.051066369,0.022192398,0.1202961,0.011697132,-0.002903524,0.154502514,-0.071317391,0.066555992,0.010315849,-0.007609229,0.074225445,-0.00079041,0.071267288
2,['2' '1.9'],['2' '1.9' '1.2'],['2' '1.9' '1.2' '1.2'],2,2010,2010Q1,201002,1,-0.042902994,0.032292478,0.118047673,0.01849711,-0.055676856,0.000547821,0.000547821,0.011479592,0.003841229,-0.02375,0.002669745,0.004656964,0.002932551,0.005899705,0.005934718,-0.00020011,0.000632016,-0.001009082,0.001010101,0.002024291,-0.019123498,-0.021876541,0.06271777,-0.008064516,0.021176471,-0.019517517,-0.010120279,0.103404792,0.102920723,-0.078205128,-0.155048077,0.095916965,0.190807688,0.107797856,-0.129476315,0.003155394,0.007955936,0.003480041,0.001743053,-0.00255676,0.003623586,0.004423868,0.004962779,0.003423592,-0.007925072,0.004437382,-0.00437232,0.00515551,0.019297037,-0.010990884,-0.001967277,0.305555556,-0.027027027,0.027777778,0,0.007180081,0.007180081,0.00159734,0.006206851,0.008766077,0.007260629,0.007260629,0.006171142,0.006607557,0.005398911,-0.051671733,-0.003030303,0.006097561,-0.068181818,0.023255814,-0.023310023,0.011792453,-0.018518519,-0.033557047,0.015909091,-0.00489881,-0.04774271,0.081749807,-0.015872815,-0.055255388,0.011374462,-0.045551129,-0.056863727,0.056783587,-0.002903524,0.02632137,0.037344398,-0.07113754,0.123052189,-0.007609229
1.9,['1.9' '1.2'],['1.9' '1.2' '1.2'],['1.9' '1.2' '1.2' '0.9'],5,2010,2010Q2,201005,1,-0.037289396,0.102660568,0.129807692,-0.023474178,-0.135025381,0.000642396,0.000642396,0.007556675,0.016645327,-0.015132409,-0.002607062,-0.002358928,-0.00195122,-0.00194742,0.000974659,0.000954362,0.003531327,0.004012036,0.004028197,0.003030303,0.006532649,0.066881362,0.054054054,-0.016908213,-0.095081967,-0.024889217,0.043016296,0.242542153,0.046132972,-0.157714286,-0.043254044,0.272652505,0.240254317,-0.053386407,-0.346094996,0.0026108,0.004031445,0.002019794,0.002023882,0.007955936,0.003432565,0.007328244,0.004601227,0.001741268,0.004423868,0.005029564,0.008853253,0.008082849,0.003040284,-0.00437232,-0.001450572,0,-0.1,-0.14893617,0.305555556,0.007173551,0.007173551,0.007699175,0.004711266,0.014448033,0.007271182,0.007271182,0.006824406,0.009033185,0.007843876,0.02247191,-0.056537102,-0.092948718,-0.051671733,-0.003030303,-0.018567639,-0.043147208,-0.059665871,-0.023310023,0.011792453,-0.057597786,0.028773961,0.061627513,-0.00489881,-0.04774271,0.012235749,0.030907161,0.205317788,-0.021427578,-0.045551129,-0.020380352,-0.003551136,0.148985778,-0.019657143,0.037344398
1.2,['1.2' '1.2'],['1.2' '1.2' '0.9'],['1.2' '1.2' '0.9' '0.5'],8,2010,2010Q3,201008,1,-0.072285468,0.044851999,0.033991228,0.008849558,-0.038297872,0.000759151,0.000759151,-0.001239157,0.00498132,0.00375,0.00080886,0.000219779,0,0,-0.001955034,0.001475405,0.002425539,0.00099108,0.0039801,0.003996004,-0.054077833,0.02406248,-0.019362187,0.042755344,-0.018648019,0.005205555,0.052901849,0.128055879,-0.043429844,-0.06263048,-0.162068292,0.136063893,0.163212896,0.045505683,-0.055923319,0.001850775,0.002007629,-0.001002808,0.001003814,0.004031445,0.001452864,0.002502002,0.001102094,0.00848742,0.007328244,0.008742504,-0.003697294,0.023428065,0.028313602,0.008853253,-0.001555487,0.085714286,0.09375,-0.111111111,0,0.007179349,0.007179349,0.007942017,0.00782348,0.00671111,0.007264927,0.007264927,0.005831807,0.008514808,0.005705053,-0.003184713,0.075342466,0.06959707,0.02247191,-0.056537102,-0.038659794,0.034666667,0.013513514,-0.018567639,-0.043147208,-0.009424042,0.035942036,0.034753998,-0.057597786,0.028773961,0.012324297,0.009908794,0.032914631,-0.016134569,0.030907161,0.011589919,0.009020218,0.002390355,-0.020262702,-0.003551136
1.2,['1.2' '0.9'],['1.2' '0.9' '0.5'],['1.2' '0.9' '0.5' '0.5'],11,2010,2010Q4,201011,1,0.005762252,0.067894233,0.026285714,-0.03740374,-0.036055143,0.000673791,0.000673791,0.00375,-0.018404908,0.011166253,-0.001470324,-0.001757616,-0.001964637,-0.001960784,-0.000979432,-0.001592638,-0.000813532,-0.004955401,-0.002964427,0.001980198,-0.00579302,0.037723651,0.067938021,-0.038946163,0.013937282,0.001924641,0.034246882,-0.04595186,-0.011891892,-0.045407637,-0.022802684,0.140292566,0.031062311,-0.04293012,-0.172457809,0.003815994,0,0.007974482,0.005009016,0.002007629,0.004110652,0.003661554,0.005672771,0.003094739,0.002502002,0.003213805,-0.012504947,-0.001106807,-0.001263324,-0.003697294,-0.037939847,-0.026315789,0.085714286,-0.078947368,0.085714286,0.00708191,0.00708191,0.003050706,0.002190687,-0.000871962,0.007152804,0.007152804,0.004969324,0.000866128,0.000969257,0.042857143,-0.063545151,-0.044728435,-0.003184713,0.075342466,0.049382716,-0.068965517,-0.067024129,-0.038659794,0.034666667,0.011513848,0.005414324,0.074629178,-0.009424042,0.035942036,0.011850386,0.107724281,0.022067501,-0.055190099,0.009908794,0.013100641,0.045942598,-0.005748306,0.001027538,0.009020218
0.9,['0.9' '0.5'],['0.9' '0.5' '0.5'],['0.9' '0.5' '0.5' '0.5'],2,2011,2011Q1,201102,1,-0.013412853,0.020508558,0.108225108,0.007633588,0.021158129,0.00069699,0.00069699,0.026119403,0.005,-0.00373599,-0.000240781,-0.001948833,-0.001982161,-0.001978239,-0.00492126,0.000590651,-2.10E-05,0.002004008,-0.001001001,-0.00498008,0.002241619,-0.019706867,0.035947712,0.012127894,0.012276786,0.00158938,-0.0108236,0.07826087,0.039548023,0.014908257,-0.068793715,0.098388121,0.291862813,0.084827655,-0.008166955,0.005410551,0.011878836,0.003975353,-0.00494462,0,0.006216707,0.01538162,0.009235606,0.003549596,0.003661554,0.013637843,-0.004590608,0.044818368,0.019315541,-0.012504947,-0.037489481,-0.054054054,0.121212121,-0.108108108,-0.026315789,0.007062247,0.007062247,-0.010912173,0.002816679,0.012841852,0.007123706,0.007123706,-0.006055663,0.004787629,0.007947862,0.097087379,0.076655052,-0.017123288,0.042857143,-0.063545151,0.061994609,0.141538462,-0.044117647,0.049382716,-0.068965517,-0.063017882,0.009132131,0.076849572,0.011513848,0.005414324,0.012568504,-0.040547442,0.038171986,-0.016989785,0.107724281,0.004399058,0.057494124,0.039661654,0.050241832,0.045942598
0.5,['0.5' '0.5'],['0.5' '0.5' '0.5'],['0.5' '0.5' '0.5' '0.9'],5,2011,2011Q2,201105,1,0.023907325,0.106667375,0.178743961,-0.100977199,-0.100585938,0.000631734,0.000631734,0.018796992,-0.035066505,0.002424242,0.000412523,0.002279899,0,0.00098912,0.003972195,-0.004679362,-0.001140364,0.000993049,-0.001982161,0.009,0.018361289,0.085468609,0.121287129,-0.119825708,-0.034700315,-0.00667324,0.101045518,0.298701299,-0.066666667,-0.168346774,0.000792369,0.29294997,0.433342624,-0.14607165,-0.410695887,0.001774151,0.000967867,0.003886514,0.006847975,0.011878836,0.008042584,0.006206507,0.011990864,0.007478428,0.01538162,0.011813247,0.006175907,0.035961171,0.028048688,-0.004590608,-0.061787379,-0.078947368,0.027027027,0.057142857,-0.054054054,0.006879039,0.006879039,0.001249629,0.002682752,0.005232667,0.006982722,0.006982722,0.002468229,0.005578374,0.00323854,0,0.002923977,0.008849558,0.097087379,0.076655052,-0.021390374,0,-0.050761421,0.061994609,0.141538462,-0.022756299,0.040660749,0.086319806,-0.063017882,0.009132131,0.013113798,-0.007921539,0.241686183,-0.090909091,-0.040547442,-0.050043803,-0.026182566,0.245271868,-0.132159343,0.057494124
0.5,['0.5' '0.5'],['0.5' '0.5' '0.9'],['0.5' '0.5' '0.9' '0.6'],8,2011,2011Q3,201108,1,-0.091416596,0.069619354,0.036286019,0.006444683,-0.046106557,0.000713089,0.000713089,0.004950495,0.012531328,-0.018450185,-0.001138521,-0.002230937,-0.000993049,-0.001982161,-0.002964427,0.003178438,0.000461911,0.00297619,0.003984064,-0.003968254,-0.031194595,0.009536978,-0.023504274,0.045810056,-0.01214128,-0.020631403,0.008781834,0.024193548,0.079434168,-0.081,-0.251139728,0.155791115,0.270308673,0.032485442,-0.078693746,0.002667312,0.004816028,0.001930129,0.001933862,0.000967867,-0.00037539,0.001307434,-0.002236303,0.002990654,0.006206507,0.002645522,-0.012462865,-0.005118224,-0.021306618,0.006175907,-0.00033489,0,0,-0.057142857,-0.078947368,0.00677382,0.00677382,0.005162619,-0.002857342,0.008040274,0.006907977,0.006907977,0.006793786,0.001016609,0.007372716,-0.025069638,0.028653295,0.017492711,0,0.002923977,-0.053050398,0.032876712,-0.00273224,-0.021390374,0,-0.118647484,0.015480628,-0.019500856,-0.022756299,0.040660749,0.012828673,0.014987275,0.010862315,-0.002376426,-0.007921539,0.016407015,-0.011705821,-0.008881421,0.015189668,-0.026182566
0.5,['0.5' '0.9'],['0.5' '0.9' '0.6'],['0.5' '0.9' '0.6' '0.5'],11,2011,2011Q4,201111,1,-0.006342726,0.067860725,0.035164835,-0.021505376,-0.042224511,0.000679816,0.000679816,0.006203474,-0.003708282,-0.003694581,-0.001274238,-0.001455225,-0.001994018,-0.00199005,-0.000994036,0.000766712,0.000455099,-0.003948667,0.000988142,0.00098912,-0.010496448,0.059614499,0.049943246,-0.031868132,-0.004376368,-0.00409419,0.032316635,-0.087318087,0.007329843,-0.06003937,-0.110206791,0.175185193,0.121917581,0.020066994,-0.288008236,9.57E-05,-0.001906214,-0.0009522,0.006710123,0.004816028,0.00136883,-0.000930752,0.000745156,0.001305727,0.001307434,0.011441049,0.009758167,0.034982436,0.002568053,-0.012462865,-0.002472231,-0.03030303,0.03125,-0.03030303,0,0.006745617,0.006745617,0.009228439,-0.000576062,0.011842906,0.0069128,0.0069128,0.009082416,0.001261187,0.013334515,-0.011560694,0.014662757,-0.025714286,-0.025069638,0.028653295,-0.023054755,0.005797101,-0.033613445,-0.053050398,0.032876712,-0.03222579,0.078761337,-0.058751882,-0.118647484,0.015480628,0.012688799,-0.023257969,0.044825249,-0.040768945,0.014987275,0.01089361,-0.055740829,0.012054002,0.016500572,-0.011705821
0.9,['0.9' '0.6'],['0.9' '0.6' '0.5'],['0.9' '0.6' '0.5' '0.5'],2,2012,2012Q1,201202,1,-0.014428577,0.025257907,0.096944152,0,0.007430998,0.000577564,0.000577564,-0.021356784,-0.009950249,-0.008631319,-0.001079778,-0.001489453,-0.001003009,-0.002002002,-0.001998002,-0.002246859,2.46E-05,-0.000994036,-0.003960396,0.00099108,-0.000564475,-0.00556551,0.043803419,-0.001067236,0.012972973,-0.020085041,-0.01208316,0.097161572,0.098321343,-0.050113895,-0.085505543,0.09184349,0.414269467,-0.011050001,0.023335068,0.003654214,0.003991637,0.003816066,0.000954927,-0.001906214,0.001449656,0.005135387,0.000934579,-0.003167505,-0.000930752,0.004050038,0.009857457,0.001491477,-0.014005602,0.009758167,-0.011739084,0,-0.03030303,0.03125,-0.03030303,0.006761387,0.006761387,0.000299612,0.005088662,0.008143358,0.006925554,0.006925554,0.000310852,0.005776152,0.007678207,0.005899705,-0.002941176,-0.005847953,-0.011560694,0.014662757,0.017804154,0.00297619,-0.008849558,-0.023054755,0.005797101,0.038071572,0.071231391,-0.011783427,-0.03222579,0.078761337,0.012355127,-0.130707335,0.013753201,0.000189735,-0.023257969,-0.003589112,-0.040094899,0.068350794,-0.004709048,-0.055740829
0.6,['0.6' '0.5'],['0.6' '0.5' '0.5'],['0.6' '0.5' '0.5' '0.9'],5,2012,2012Q2,201205,1,-0.028699616,0.083431283,0.081497797,0,-0.127761768,0.000638675,0.000638675,-0.016169154,0.008782936,0.023106547,0.003181879,0.003283222,0.003,0.004016064,0,0.002361062,0.000993485,-0.000994036,0.003992016,-0.002985075,0.016695381,0.07043444,0.073770492,-0.089552239,-0.039918117,-0.037109645,0.011721633,-0.008221994,0.117106774,-0.133333333,-0.111899558,0.220995171,0.230142022,0.038258395,-0.483731206,0.001442509,-9.43E-05,0.000282912,0.003786445,0.003991637,0.003804473,0.000550863,0.00488975,0.006874129,0.005135387,0.007413899,-0.010792603,0.016632888,0.004845506,0.009857457,0.005565408,0,-0.029411765,0.0625,0,0.006646984,0.006646984,0.014317527,0.004292927,-0.000782434,0.006856816,0.006856816,0.023199255,0.008127762,0.002439808,-0.023188406,-0.005763689,0.017595308,0.005899705,-0.002941176,-0.034285714,-0.014084507,0.034985423,0.017804154,0.00297619,-0.069889354,-0.015913289,-0.007984238,0.038071572,0.071231391,0.006883864,-0.042380775,0.033898305,0.117640728,-0.130707335,0.012270398,-0.023239042,0.00426525,0.023727138,-0.040094899
0.5,['0.5' '0.5'],['0.5' '0.5' '0.9'],['0.5' '0.5' '0.9' '1.2'],8,2012,2012Q3,201208,1,-0.068433008,0.050503727,0.011458333,0.033369214,-0.053971487,0.00061847,0.00061847,-0.01992528,0.00879397,0.006321113,-0.003598507,-0.002955742,-0.000998004,-0.002985075,0.001994018,0.001257889,0.001762148,0,0.000996016,-0.000995025,-0.029659341,0.009578361,-0.036382536,0.070077864,-0.019629226,0.004512969,0.020886177,-0.032873807,-0.004223865,-0.01865285,-0.236175296,0.166988246,0.138144998,0.071548525,-0.081446918,0.001445844,-0.002262017,-0.001411765,0.001791439,-9.43E-05,-0.006452457,-0.004483467,-0.012088216,-0.005597357,0.000550863,-0.004645712,-0.008518763,-0.035486613,-0.018902015,-0.010792603,0.012242452,-0.03125,0.032258065,-0.060606061,0,0.001851465,0.009642588,0.012788742,0.008613137,-0.009501867,0.006892223,0.006892223,0.012427756,0.009388026,-0.006812009,-0.059602649,-0.082066869,-0.023738872,-0.023188406,-0.005763689,-0.059800664,-0.085106383,-0.026627219,-0.034285714,-0.014084507,0.012290182,0.015091612,0.005717478,-0.069889354,-0.015913289,0.012804232,-0.009766175,0.003297532,0.032389845,-0.042380775,0.028174946,0.000172147,-0.061247576,0.015341702,-0.023239042
0.5,['0.5' '0.9'],['0.5' '0.9' '1.2'],['0.5' '0.9' '1.2' '0.9'],11,2012,2012Q4,201211,1,0.008874095,0.063934312,0.051762115,-0.039153439,-0.026776519,0.000123085,0.000123085,0.033512064,-0.042362003,-0.010165184,-0.002260062,-0.002915376,-0.003012048,-0.003003003,-0.001998002,-0.003392096,-0.002560324,0,-0.005958292,0.00199005,-0.007926523,0.046074945,0.065995526,-0.053968254,0.019417476,0.036896126,0.063006578,0.03362391,-0.145744681,0.030701754,-0.018241926,0.14874086,0.165871935,-0.066635246,-0.145790408,0.003590733,-0.001867239,0.007146215,0.004628755,-0.002262017,0.002941298,-0.007805241,0.003543454,0.006192531,-0.004483467,0.005008634,-0.033053667,0.007285444,0.016665432,-0.008518763,-0.017410506,-0.03125,0,0.032258065,-0.03125,0.005757096,0.009178296,0.007982056,0.000656834,0.002527203,0.005358214,0.009005296,0.008289332,0.004482634,0.001462693,-0.007117438,-0.014035088,0.003521127,-0.059602649,-0.082066869,0.007194245,-0.010676157,-0.007067138,-0.059800664,-0.085106383,0.01089924,-0.042154884,0.047813261,0.012290182,0.015091612,-0.004676688,0.009105123,0.087082583,-0.051493599,-0.009766175,0.00349822,0.020074538,0.034978522,-0.018330465,0.000172147
0.9,['0.9' '1.2'],['0.9' '1.2' '0.9'],['0.9' '1.2' '0.9' '0.8'],2,2013,2013Q1,201302,1,-0.030471581,0.021657339,0.075413223,0.025423729,-0.011518325,0.000449517,0.000449517,0,0.005128205,0.011673152,8.76E-05,0.000856832,0.001007049,0,0,0.000988883,-0.000926438,0.001,0.003009027,-0.003996004,0.008877926,-0.021479071,0.023589744,0.024159664,-0.001049318,0.012163496,0.014089172,0.105582524,-0.022538553,0.015662651,-0.116009883,0.056794939,0.26443972,0.104509632,-0.045927239,0.004423856,0.005997001,0.001783535,-0.003554392,-0.001867239,-0.000648561,0.001606957,-0.002451674,-0.006836486,-0.007805241,0.000425517,-0.008023057,-0.010482503,-0.029545965,-0.033053667,0.000865915,0.032258065,-0.03125,0.032258065,-0.03125,0.00476327,0.007647433,0.002100236,0.004518483,-0.000245668,0.004691524,0.007195884,0.002662968,0.010634489,-0.000327062,-0.014705882,-0.028571429,0.003584229,-0.007117438,-0.014035088,-0.018181818,-0.035087719,0.017857143,0.007194245,-0.010676157,0.032901108,-0.017580932,0.033188473,0.01089924,-0.042154884,0.027179465,0.015622005,-0.068808568,0.021235873,0.009105123,0.015338444,0.053963466,-0.012413108,0.003404467,0.020074538
1.2,['1.2' '0.9'],['1.2' '0.9' '0.8'],['1.2' '0.9' '0.8' '0.9'],5,2013,2013Q2,201305,1,0.000180326,0.086824981,0.091517857,-0.049840933,-0.09414025,0.000327646,0.000327646,-0.012987013,-0.025316456,0.007653061,0.000709647,-1.60E-05,0,0.001007049,-0.001006036,0.001932088,-0.000792857,-0.003,0,-0.000999001,0.013024224,0.073678362,0.078341014,-0.048245614,-0.086172345,-0.001358243,0.083148382,0.204545455,-0.068493151,-0.118551043,-0.076088399,0.216809413,0.234278902,-0.010341074,-0.390494588,0.001009548,-0.001393793,-0.000928333,0.003353204,0.005997001,-0.001471599,-0.00310559,-0.003937008,0.006795017,0.001606957,0.001090482,0.00092457,-0.007949247,0.027326266,-0.008023057,0.022776528,0,-0.0625,0,0.032258065,0.006261597,0.0055593,0.007677959,0.004994197,0.004880637,0.006563834,0.005649186,0.00737621,0.008031873,0.005411461,0.003875969,-0.007692308,-0.029850746,-0.014705882,-0.028571429,0.015686275,-0.019230769,-0.037037037,-0.018181818,-0.035087719,0.018890501,-0.020420073,-0.010658824,0.032901108,-0.017580932,-0.010349665,-0.009064274,0.10962105,-0.071152213,0.015622005,-0.008797045,0.001237113,0.0793128,-0.106853236,0.053963466
0.9,['0.9' '0.8'],['0.9' '0.8' '0.9'],['0.9' '0.8' '0.9' '0.8'],8,2013,2013Q3,201308,1,-0.053785209,0.042922136,0.00307377,0.008264463,-0.010224949,0.000281118,0.000281118,-0.007843137,0.005256242,0.001315789,-9.99E-05,3.09E-05,0.002012072,0,0,-0.000424944,0.00134798,0.003006012,0,0.001003009,-0.046490539,0.007120752,-0.036194416,0.052230686,-0.018162393,-0.003660899,0.004732371,0.004395604,0.034090909,-0.023307436,-0.178121513,0.069685217,0.163255808,0.00930305,0.059068111,0.001995445,0.002142724,-0.00120964,0,-0.001393793,0.00065986,-0.000189502,-0.000189466,-0.003492873,-0.00310559,0.007665193,-0.008137571,0.02116651,-0.018089447,0.00092457,0.013303525,0.032258065,0.033333333,0,0,0.003504068,0.007410454,0.009877069,0.007249876,-0.003825226,0.004726841,0.0074283,0.009002186,0.006264658,-0.000751154,0,0,0.027027027,0.003875969,-0.007692308,0.010309278,0.013937282,0.108108108,0.015686275,-0.019230769,0.006441905,0.027214864,-0.068828865,0.018890501,-0.020420073,0.028993797,0.025270413,-0.075486726,0.044072808,-0.009064274,0.02124855,0.064813175,-0.037333788,-0.033607908,0.001237113
0.8,['0.8' '0.9'],['0.8' '0.9' '0.8'],['0.8' '0.9' '0.8' '0.3'],11,2013,2013Q4,201311,1,0.014555719,0.051386143,0.009605123,-0.025987526,-0.017364658,0.000329065,0.000329065,-0.031128405,0.034899329,-0.018445323,-0.000472738,0.000117379,-0.001001001,0.001002004,0.002008032,0.000995791,-0.000484544,-0.001998002,0.001,-0.000999001,-0.008558407,0.045878461,0.03183315,-0.044071354,0.022532189,0.028381032,0.021607819,-0.117056856,-0.072388831,0.057986871,0.004470578,0.10742579,0.061016067,-0.024636749,-0.172274934,0.00192373,-0.003051036,0.001945345,0.003532583,0.002142724,0.000103214,-0.003500473,-0.001134001,0.002843063,-0.000189502,-0.002386541,-0.02424815,-0.023148504,0.006424149,-0.008137571,-0.001578082,0.033333333,-0.0625,0,0.032258065,0.001700325,0.007977274,0.001365211,0.010948029,-0.008385891,0.003956448,0.007132603,0.001275368,0.012207545,-0.002252214,0.016917293,-0.003745318,0.003759398,0,0,0.03745583,-0.024137931,-0.013605442,0.010309278,0.013937282,0.007280465,0.016590217,0.036649432,0.006441905,0.027214864,0.016132729,0.1251081,-0.017558765,-0.011016712,0.025270413,0.01235816,0.100888657,-0.003386299,-0.042324963,0.064813175
0.9,['0.9' '0.8'],['0.9' '0.8' '0.3'],['0.9' '0.8' '0.3' '0.4'],2,2014,2014Q1,201402,1,0.001770924,0.002222168,0.08138352,-0.004052685,0.043340381,0.00028984,0.00028984,0.010443864,-0.006485084,0.032128514,-0.00016569,0.000731904,0.001001001,0,0.001002004,-0.00082543,0.00084363,0.000999001,0,0.002002002,0.008087197,-0.021828237,0.012158055,0.016477858,0.032978723,0.059611314,-0.047332731,0.072607261,-0.069600819,0.233585859,-0.072354286,0.052333201,0.17300064,0.052349219,0.05569958,0.002892365,0.005373356,0.001205825,-0.000185477,-0.003051036,0.002065669,0.002657555,0.002283105,-0.001993734,-0.003500473,0.003414726,-0.002583771,0.003809369,-0.004518315,-0.02424815,0.012514324,0,0.032258065,0,0.033333333,0.006237945,0.004739015,-0.004067891,0.009171568,0.005757531,0.006900742,0.004925808,0.000610408,0.009180323,0.006635211,-0.006398193,-0.010428305,-0.007393715,0.016917293,-0.003745318,-0.013139696,-0.016661,0.001702997,0.03745583,-0.024137931,0.020008758,-0.034897133,-0.01639713,0.007280465,0.016590217,0.019737381,-0.029887806,-0.032820422,-0.039798446,0.1251081,0.004840377,0.013640792,0.026076814,-0.050094967,0.100888657
0.8,['0.8' '0.3'],['0.8' '0.3' '0.4'],['0.8' '0.3' '0.4' '0.8'],5,2014,2014Q2,201405,1,0.007320164,0.086559162,0.105378705,-0.045073375,-0.102539981,0.000240348,0.000240348,0.017105263,-0.025641026,0.007751938,-9.94E-05,-0.000795509,-0.001001001,0,-0.001,-0.001020088,0.000847843,0.000996016,0,0.001996008,0.03052235,0.069994607,0.103806228,-0.100622407,-0.035035035,-0.031438931,0.04679172,0.149061033,0.05707196,-0.173333333,0.015389171,0.24243378,0.188889623,-0.056383405,-0.34138318,0.002144292,0.000642143,0.001838066,0.002672318,0.005373356,0.000459211,-0.001513289,-0.000472679,0.001325256,0.002657555,0.001330787,-0.024687374,-0.005216693,0.008661864,-0.002583771,-0.01785845,0.029411765,-0.055555556,0.125,0,0.008713953,0.00297336,0.0007616,0.006808175,0.013282105,0.007757618,0.005102816,0.000158711,0.005669199,0.009349685,-0.004523181,-0.002256487,0.00719697,-0.006398193,-0.010428305,-0.012869565,0.000347947,0.007007708,-0.013139696,-0.016661,0.016908028,-0.011996313,0.002838398,0.020008758,-0.034897133,-0.016179902,0.025832528,0.13086248,-0.045975922,-0.029887806,-0.00981892,0.006948283,0.079158146,-0.059916693,0.013640792
0.3,['0.3' '0.4'],['0.3' '0.4' '0.8'],['0.3' '0.4' '0.8' '0.4'],8,2014,2014Q3,201408,1,-0.052005935,0.058919766,0.023638232,-0.011178862,-0.022840119,0.000162921,0.000162921,0.017333333,-0.033505155,0.003880983,-0.001332967,-0.001429298,-0.001005025,-0.002006018,-0.001002004,-0.000826901,-0.002041634,0,-0.001994018,-0.00199005,-0.023460091,0.001336573,-0.036697248,0.060540541,-0.033437827,0.011142029,0.018838547,-0.032124352,-0.021298174,0.007150153,-0.131335148,0.13191803,0.159882279,-0.032000999,0.064691503,0.001297423,0.001466276,-0.001281347,0.001650165,0.000642143,0.000992465,0.000757576,0.000473709,-0.000189448,-0.001513289,0.002142373,-0.005220173,-0.000504923,-0.017040285,-0.024687374,0.016910012,0,0,0,0.029411765,0.004363414,0.004038045,0.003133127,0.016218529,0.000501415,0.005480611,0.004232472,0.004717267,0.012685044,0.002004498,-0.039790997,-0.043812452,-0.014767134,-0.004523181,-0.002256487,-0.007036747,-0.068463219,-0.032417195,-0.012869565,0.000347947,-0.003651041,0.03691421,0.003634158,0.016908028,-0.011996313,0.01677249,0.067534657,-0.022433843,-0.064582441,0.025832528,0.014300605,0.081085724,-0.011882533,-0.076138948,0.006948283
0.4,['0.4' '0.8'],['0.4' '0.8' '0.4'],['0.4' '0.8' '0.4' '1.5'],11,2014,2014Q4,201411,1,0.013989376,0.060334228,0.019067797,-0.048387097,-0.004016064,0.000150681,0.000150681,0.004010695,-0.037323037,0.018348624,0.000941846,0.000653741,0.002012072,0.001007049,-0.001006036,-9.10E-06,-0.000712368,-0.002994012,0.000999001,0,-0.019572046,0.042073944,0.018085106,-0.024896266,0.02010582,0.044618469,0.072728385,0.10519802,-0.185483871,0.062098501,0.012085614,0.126245473,0.025671607,-0.023813458,-0.167250849,0.001477643,-0.003016453,-0.000639445,0.001738653,0.001466276,-0.001410677,-0.007034889,-0.003599507,-0.001040878,0.000757576,-0.000751545,-0.010710892,-0.012201365,-0.008040626,-0.005220173,-0.000231165,0.028571429,0,0,0,0.006836582,0.004887437,-0.000625374,0.010547112,0.008224631,0.006784764,0.005662714,0.001897287,0.010108101,0.006939213,-0.04076851,-0.062801932,-0.04688154,-0.039790997,-0.043812452,-0.045109424,-0.069022869,-0.053149606,-0.007036747,-0.068463219,0.008323025,-0.027553228,-0.023422317,-0.003651041,0.03691421,0.004143179,0.065570776,0.036048822,-0.072650698,0.067534657,0.004612574,0.00425045,0.024623116,-0.051326871,0.081085724
0.8,['0.8' '0.4'],['0.8' '0.4' '1.5'],['0.8' '0.4' '1.5' '0.7'],2,2015,2015Q1,201502,1,0.001268205,0.023679099,0.110204082,-0.009100101,0.028066528,0.000141018,0.000141018,0.025435074,0.00538358,-0.010652463,0.000313727,-0.000123403,0,0.001004016,0,0.001429491,0.000255845,0.003018109,-0.001005025,-0.004004004,0.009597314,-0.02219613,0.052,0.026694045,0.017763845,-0.010987664,-0.04535162,0.119521912,0.124300112,0,-0.046576279,0.113414459,0.255050084,0.012323321,0.037464458,0.002846781,0.006798971,-9.19E-05,-0.002017053,-0.003016453,-0.005210664,-0.012219959,-0.009795448,-0.003063667,-0.007034889,-0.010669916,-0.075487465,-0.051352066,-0.008731337,-0.010710892,-0.000977893,-0.027777778,0,0,0.028571429,0.009078481,0.003189453,-0.00761997,0.012111389,0.015511308,0.008233897,0.003979618,0.003437191,0.014715366,0.011862769,-0.007017544,-0.037162162,0.012212995,-0.04076851,-0.062801932,-0.007356547,-0.048530098,0.002338634,-0.045109424,-0.069022869,0.018745575,0.01757683,-0.032911277,0.008323025,-0.027553228,0.003590443,-0.108268414,0.038426181,-0.067706548,0.065570776,-0.006368972,-0.10286983,0.063396292,-0.069184438,0.00425045
0.4,['0.4' '1.5'],['0.4' '1.5' '0.7'],['0.4' '1.5' '0.7' '0.3'],5,2015,2015Q2,201505,1,-0.006399712,0.099071587,0.116483516,-0.048117155,-0.121323529,0.000235484,0.000235484,-0.032938076,0.029850746,-0.037859008,0.000981506,0.00206032,0.001998002,0.002002002,0.002006018,0.00261487,5.12E-05,-0.001998002,0.004012036,0,0.021869639,0.031353388,0.067814855,-0.013800425,-0.104562738,-0.021002959,0.091228965,0.205649718,-0.023178808,-0.193950178,-0.021692233,0.184934006,0.162517524,-0.023782476,-0.322781091,0.002470522,0.000273923,9.13E-05,-0.000638803,0.006798971,-0.000114972,-0.000392927,-0.001177394,0.000687285,-0.012219959,0.00232754,-0.024145653,0.003321286,0.02812092,-0.075487465,0.003800368,0.028571429,-0.027777778,0.028571429,-0.027777778,0.007415533,0.001458964,0.003602245,0.011505686,0.009129593,0.007050365,0.005356174,0.008641097,0.009723891,0.007545011,0.02524956,-0.073449402,-0.072185765,-0.007017544,-0.037162162,0.078205865,-0.067560322,-0.078557312,-0.007356547,-0.048530098,-0.005815238,0.042204181,0.027812469,0.018745575,0.01757683,-0.033828669,-0.002244249,0.200628719,-0.115754989,-0.108268414,-0.026501845,-0.010503611,0.133758639,-0.137946838,-0.10286983
1.5,['1.5' '0.7'],['1.5' '0.7' '0.3'],['1.5' '0.7' '0.3' '1.1'],8,2015,2015Q3,201508,1,-0.057873432,0.061764299,0.04494382,-0.017068273,-0.019685039,8.32E-06,8.32E-06,0.020604396,-0.020188425,0.01226158,0.000991279,0.001051293,-0.001988072,0.001992032,0.000997009,-0.001770109,-0.001233315,0,-0.005005005,0,-0.054184749,0.00730793,-0.074074074,0.039513678,-0.005040323,0.00713985,0.052351395,0.092132505,-0.049212598,-0.047797563,-0.142195842,0.154021638,0.227307751,0.010195286,-0.007234055,0.001325852,0.001820167,0.00018205,0.002829758,0.000273923,0.000280899,-0.003733543,-0.000491014,0.000687893,-0.000392927,0.00283898,-0.004310345,0.005714286,0.012670857,-0.024145653,0.00449903,0,0,0.027777778,0.028571429,0.006787907,0.004566805,0.007376822,0.013571388,0.008681107,0.006655447,0.006264498,0.007948035,0.014334814,0.007154472,-0.009392611,-0.020245399,-0.066437572,0.02524956,-0.073449402,-0.02363534,0.002256063,-0.0544,0.078205865,-0.067560322,-0.04367636,-0.021232282,-0.019198033,-0.005815238,0.042204181,-0.000208807,-0.002111527,0.052211674,-0.071977507,-0.002244249,0.005502056,0.052826413,0.015133049,-0.066818311,-0.010503611
0.7,['0.7' '0.3'],['0.7' '0.3' '1.1'],['0.7' '0.3' '1.1' '0.5'],11,2015,2015Q4,201511,1,-0.006247417,0.061778725,0.041450777,-0.022289767,-0.035190616,0.000244279,0.000244279,0.006578947,0.035422343,-0.012113055,-0.000293791,0.000396307,0.001994018,-0.000996016,0,0.001168843,0.001650455,0.006006006,0.005030181,0,0.0019082,0.044979377,0.069037657,-0.023493361,0.030526316,0.027936811,0.060440803,0.034994698,-0.112888053,0.007582938,-0.04178875,0.074905695,0.12587902,0.004831986,-0.173251641,0.000690589,0,-0.002630624,0.001453488,0.001820167,-0.002147657,-0.006777634,-0.004465172,-0.006114398,-0.003733543,-4.81E-05,-0.030914513,-0.006125272,-0.004132231,-0.004310345,0.012993726,0,-0.054054054,0,0,0.004994788,0.006618886,0.001017637,0.009803569,0.002431368,0.00544098,0.00701364,0.003464886,0.009364131,0.002532695,0.054980595,-0.004507405,-0.018331226,-0.009392611,-0.020245399,0.076828519,-0.014536644,-0.048414986,-0.02363534,0.002256063,-0.018477731,0.033961514,0.010981257,-0.04367636,-0.021232282,-0.009321567,0.022539966,0.089935065,-0.111282101,-0.002111527,0.013431153,0.066106919,-0.016412294,-0.090943647,0.052826413
0.3,['0.3' '1.1'],['0.3' '1.1' '0.5'],['0.3' '1.1' '0.5' '0.6'],2,2016,2016Q1,201602,1,-0.012021761,0.012206684,0.104330709,-0.0078125,0.018905473,0.000136412,0.000136412,-0.008053691,-0.004010695,-0.022222222,-0.001560381,-0.002001251,-0.003984064,-0.000995025,0,-0.001565527,-0.002208546,-0.000993049,-0.001982161,0.0039801,0.006744141,-0.050726713,0.025399812,0,0.040117417,0.023276121,0.013042776,0.141981614,-0.044878049,0.050204918,-0.083117407,0.110694943,0.347395872,0.021192063,-0.050658411,0.003850474,0.001726174,0.003007108,-0.001909959,0,-0.000916663,-0.005352454,-0.00231738,-0.004014049,-0.006777634,-0.001481938,-0.015404094,-0.010750444,-0.017232537,-0.030914513,0.020261292,0,-0.027777778,0.028571429,0,0.007618631,0.005533119,0.003618632,-0.000279834,0.008631666,0.007836666,0.006603581,0.005885549,0.000972245,0.009449848,-0.074354127,-0.029357798,0.002452483,0.054980595,-0.004507405,-0.094594595,-0.052937755,-0.018835616,0.076828519,-0.014536644,0.002405782,-0.025110768,-0.015391798,-0.018477731,0.033961514,0.003359153,-0.159674134,0.032923109,-0.076811031,0.022539966,-0.001496037,-0.116921812,0.039073343,-0.066194796,0.066106919
1.1,['1.1' '0.5'],['1.1' '0.5' '0.6'],['1.1' '0.5' '0.6' '1'],5,2016,2016Q2,201605,1,-0.013417272,0.11158788,0.125267666,-0.037113402,-0.135472371,0.000136431,0.000136431,-0.009395973,0.023351648,-0.01488498,-0.00094781,-0.001317381,-0.001006036,-0.003009027,-0.003,-0.000691297,-0.002211336,-0.000999001,-0.000998004,-0.003976143,0.029355744,0.0656582,0.093096234,-0.040160643,-0.086238532,-0.025535604,0.117005665,0.24939759,-0.043778802,-0.223613596,-0.085629201,0.203952177,0.28910229,-0.01011369,-0.371573246,-0.000208916,0.001901485,-0.002618983,0.004262652,0.001726174,9.36E-05,0.002438281,-0.000609199,0,-0.005352454,0.001352046,-0.018338954,0.000949467,0.01575225,-0.015404094,0.005629933,-0.027027027,-0.051282051,0.114285714,0,0.007805374,0.005298676,0.004708391,0.00622004,0.010769053,0.007054773,0.006608287,0.010364331,0.006079694,0.007522808,-0.008707301,-0.00928998,0.025867937,-0.074354127,-0.029357798,-0.008855586,-0.020026702,0.016282225,-0.094594595,-0.052937755,-0.005390768,-0.000851767,0.041316665,0.002405782,-0.025110768,-0.036785838,-0.056950398,0.197360381,-0.008361609,-0.159674134,-0.029853351,-0.025680087,0.14175674,-0.063525305,-0.116921812
0.5,['0.5' '0.6'],['0.5' '0.6' '1'],['0.5' '0.6' '1' '0.7'],8,2016,2016Q3,201608,1,-0.082259549,0.050645307,0.043859649,0.017857143,-0.040913416,0.000205587,0.000205587,-0.010596026,0.031420765,-0.008130081,-0.000343817,-9.82E-05,-0.001007049,0,0,0.001897526,0.00128659,0.002991027,0.003,0,-0.043815633,-0.003105903,-0.036346692,0.05093046,-0.022966507,-0.006715706,0.015537145,0.098825832,0.031281534,-0.044358727,-0.209178662,0.130588081,0.236672914,0.038019614,-0.065192718,0.001803701,-0.001897019,-0.000180636,0.000632625,0.001901485,0.001868057,-0.001110887,0.002328171,0.001216175,0.002438281,0.003013174,-0.027803522,0.007678738,0.034678978,-0.018338954,0.021507077,0.028571429,0,-0.027777778,-0.027027027,0.004224193,0.006005839,0.008700011,0.00960704,-0.00048788,0.004767593,0.007886879,0.010621644,0.007998033,0.000344004,0.003968254,-0.07421014,-0.080405405,-0.008707301,-0.00928998,0.016420361,-0.086956522,-0.083161512,-0.008855586,-0.020026702,0.009155883,0.023264902,-0.006579611,-0.005390768,-0.000851767,0.000440569,-0.013481527,0.038695885,0.012445887,-0.056950398,0.002274863,-0.004035777,0.023442733,0.000446728,-0.025680087
0.6,['0.6' '1'],['0.6' '1' '0.7'],['0.6' '1' '0.7' '1.5'],11,2016,2016Q4,201611,1,-0.014971185,0.051555426,0.009920635,-0.009823183,-0.049486461,-1.45E-05,-1.45E-05,0.004149378,-0.02165088,-0.010709505,0.000236911,0.001607545,0.00201005,0.001006036,0.002016129,-3.20E-05,0.000460142,-0.001980198,0.00099108,0.002982107,-0.003512372,0.043729799,0.013888889,-0.012732615,-0.012572534,-0.017992259,0.047465324,-0.054080629,0.022110553,-0.11398041,-0.09759243,0.115362718,0.027889305,0.031410797,-0.179477529,0.003464487,0.001435879,0.005958292,0.002534166,-0.001897019,0.001861088,0.003023279,0.002323232,0.000909918,-0.001110887,0.001426816,0.043492303,0.001725439,-0.017794725,-0.027803522,-0.018606625,-0.05,0.025641026,0.083333333,0.028571429,0.007559036,0.006575538,-0.000275992,0.00755588,0.01088592,0.006855176,0.00781434,0.0054218,0.006889537,0.007531386,0.103725347,0.035552194,0.045059289,0.003968254,-0.07421014,0.182218957,0.037347561,0.059773829,0.016420361,-0.086956522,-0.012304613,-0.017341691,0.004413535,0.009155883,0.023264902,0.008069195,0.023341009,0.048047389,-0.049029835,-0.013481527,0.016389035,0.02678762,-0.028209915,0.055963202,-0.004035777
1,['1' '0.7'],['1' '0.7' '1.5'],['1' '0.7' '1.5' '-0.3'],2,2017,2017Q1,201702,1,-0.010326301,0.002076648,0.095954845,0.019175455,0.024557957,0.000148018,0.000148018,-0.022788204,0.047752809,-0.019283747,2.33E-05,9.01E-05,0.002002002,0.001002004,0.001003009,0.00196484,0.002128228,0.001982161,0.002982107,-0.001984127,-0.013272887,-0.018176522,0.019248396,0.006457565,0.060665362,0.00139004,-0.047179063,0.131028207,0.084896347,0.053014553,-0.123036398,0.070479514,0.210036982,0.091805101,0.026340608,0.002913895,0.010668818,0.001077006,-0.001523434,0.001435879,0.005806636,0.014476946,0.008802641,0.004420778,0.003023279,0.011776058,0.022134158,0.042103143,0.0242443,0.043492303,0.010850786,0,-0.054054054,-0.026315789,-0.05,0.006426972,0.004808292,0.001261299,0.004700194,0.005450413,0.006261548,0.006582852,0.002892838,0.00631498,0.004687716,-0.020721925,-0.050761421,0.043017869,0.103725347,0.035552194,0.01339014,-0.028959811,0.051584835,0.182218957,0.037347561,0.011641686,0.020286608,0.021668986,-0.012304613,-0.017341691,-0.003937996,-0.111393837,0.030994948,0.052674645,0.023341009,0.003156825,-0.004500622,0.022420208,0.061636005,0.02678762
0.7,['0.7' '1.5'],['0.7' '1.5' '-0.3'],['0.7' '1.5' '-0.3' '1.1'],5,2017,2017Q2,201705,1,-0.018708303,0.085550904,0.113705584,-0.009054326,-0.146781116,-0.00141826,0.007789314,0.019125683,-0.040629096,0.046639232,0.000555213,0.001098828,0.000995025,0.001994018,0.001998002,-0.000960635,0.000893135,0.002952756,0,0.004945598,0.041901527,0.068537177,0.107142857,-0.078412391,-0.071043165,-0.037306672,0.088423342,0.265120968,0.02373581,-0.220434433,-0.027850468,0.13097365,0.257635602,0.067327771,-0.365567362,0.000985822,-0.001239377,-0.000707714,0.002749933,0.010668818,0.000282234,-0.002240187,-0.000389446,0.003909686,0.014476946,-0.004022769,0.004245236,-0.021447203,-0.021182033,0.022134158,0.018812456,0.055555556,-0.076923077,0.114285714,0,0.003688191,0.005052536,0.00462651,0.010630727,-0.002455369,0.005162496,0.005613241,0.005510502,0.00902612,0.000846418,-0.00204499,-0.012121212,0.013651877,-0.020721925,-0.050761421,0.007151371,-0.018139263,0.026426426,0.01339014,-0.028959811,0.064359039,0.020928327,0.03279245,0.011641686,0.020286608,-0.031624757,-0.054202462,0.129777867,0.059921519,-0.111393837,-0.038932424,-0.11380597,0.176259352,-0.035686803,-0.004500622
1.5,['1.5' '-0.3'],['1.5' '-0.3' '1.1'],['1.5' '-0.3' '1.1' '0.6'],8,2017,2017Q3,201708,1,-0.065475182,0.056804839,0.036087369,0.009587728,-0.04922516,0.00026462,-0.000998428,-0.016260163,0.005449591,-0.016085791,-0.000422972,-3.14E-05,0.001986097,0,0.000994036,-4.48E-05,-0.000255889,0,0.001962709,0,-0.032978945,0.010817403,-0.031598513,0.035611165,-0.014231499,-0.01889691,0.016178957,0.072357724,0.064935065,-0.079681275,-0.22532171,0.132870428,0.158803734,0.010610252,-0.070950868,0.000957967,0.001597161,-0.002125022,0.001063641,-0.001239377,-0.001881783,0.000786086,-0.003915044,-0.002635689,-0.002240187,-0.001783281,0.005046937,-0.012066215,-0.014156508,0.004245236,0.010759303,-0.054054054,0.088235294,-0.105263158,0.055555556,0.005772717,0.00661147,0.005670875,0.001453533,0.003312339,0.006882312,0.007162291,0.007412848,0.001437188,0.006693228,0.004781421,0.002053388,-0.00204918,-0.00204499,-0.012121212,0.022988506,0.040047818,-0.010059172,0.007151371,-0.018139263,-0.016448094,0.004565618,0.018918965,0.064359039,0.020928327,0.008075922,-0.030047297,0.037625096,-0.026875176,-0.054202462,0.00180483,-0.043719763,0.027146407,0.039904306,-0.11380597
-0.3,['-0.3' '1.1'],['-0.3' '1.1' '0.6'],['-0.3' '1.1' '0.6' '0.7'],11,2017,2017Q4,201711,1,-0.002429544,0.050590606,0.062862669,-0.010526316,-0.042163153,0.000312378,-0.001282875,-0.005427408,0.006830601,0.008264463,0.001088912,0.000523542,-0.00098912,0.001982161,0,0.000245788,-0.000224052,0.001958864,0,0,0.006936566,0.039900176,0.08094768,-0.034318398,0.00671785,0.001064862,0.073098016,0.0543383,-0.050748752,-0.088703563,-0.05939321,0.169951856,0.116449779,-0.010910689,-0.147026313,0.000661736,-0.000967799,0.001145072,0.005758327,0.001597161,0.004584598,0.001067961,0.006744209,0.004516446,0.000786086,0.005726642,0.005635445,0.01769999,0.01566737,0.005046937,-0.019433997,-0.026315789,-0.05,0.142857143,-0.054054054,0.005182892,0.006439951,0.010720417,0.005647686,0.002353366,0.006192952,0.007377676,0.007886808,0.00395289,0.004800276,0.080411125,0.116812964,0.006798097,0.004781421,0.002053388,0.061204344,0.135014006,0.002808989,0.022988506,0.040047818,-0.01864922,0.05385743,0.013236346,-0.016448094,0.004565618,-0.032015407,-0.170578272,0.153395349,0.027822928,-0.030047297,-0.000482243,-0.088982686,0.035408491,0.050402848,-0.043719763
1.1,['1.1' '0.6'],['1.1' '0.6' '0.7'],['1.1' '0.6' '0.7' '0.8'],2,2018,2018Q1,201802,1,-0.057992345,0.029625666,0.07195572,0.063788027,-0.072793449,-0.000556269,0.002977013,-0.032831737,-0.014824798,0.012278308,-0.000472587,-4.04E-05,-0.00099108,-0.000990099,0,0.000730487,-0.001622969,-0.003917728,0,-0.001955034,-0.007316285,-0.053030008,-0.01826087,0.064814815,-0.01369863,-0.053785181,-0.003354772,0.102195946,0.173439049,-0.161263508,-0.119624419,0.132689648,0.206433433,0.113346925,-0.135528987,0.005645518,0.004155247,0.003548931,-0.007397622,-0.000967799,0.000794804,0.004172327,0.00048539,-0.000969838,0.001067961,-0.000442167,0.008192724,-0.006973366,-0.002415459,0.005635445,0.032558765,-0.027777778,-0.052631579,0.027027027,-0.026315789,0.003345405,0.007949233,0.002929373,0.007977683,-0.002871839,0.004653136,0.007238948,0.009894288,0.006970771,-0.000229862,0.006525285,0.003273322,0.025741466,0.080411125,0.116812964,0.039726027,0.042857143,-0.023255814,0.061204344,0.135014006,-0.054199169,0.040109585,-0.003585894,-0.01864922,0.05385743,-0.003111734,0.006697982,-0.047398078,0.173473357,-0.170578272,-0.000922516,0.051798086,0.037214475,0.105238275,-0.088982686
0.6,['0.6' '0.7'],['0.6' '0.7' '0.8'],['0.6' '0.7' '0.8' '-0.2'],5,2018,2018Q2,201805,1,-0.009100079,0.102082155,0.116207951,-0.060344828,-0.101549053,0.0005301,-0.002354158,-0.01897019,0.012345679,0.031117397,-2.65E-05,0.000255932,0,0,0,0.001279842,0.002397415,0,0.001966568,0,0.020536327,0.056692137,0.114060964,-0.034188034,-0.067316209,0.002308957,0.083103197,0.164246824,-0.065309584,-0.096551724,-0.058327492,0.235663863,0.201027782,-0.086840107,-0.274120322,-0.000699819,0.001836788,-0.001048493,0.007659799,0.004155247,0.000281028,0.001251324,-0.000384874,0.004251619,0.004172327,0.002653361,0.010920586,0.00529661,0.004546774,0.008192724,-0.011526775,-0.05,0.081081081,0.057142857,-0.027777778,0.007343493,0.005157469,0.005797308,0.005663595,0.009678529,0.005904731,0.007467006,0.006362135,0.008042466,0.004506165,0.00747464,-0.001066667,0.012965964,0.006525285,0.003273322,0.026459854,-0.034786438,-0.002635046,0.039726027,0.042857143,-0.036722086,0.028427745,0.007617329,-0.054199169,0.040109585,-0.021891504,-0.027424255,0.173088037,-0.10291195,0.006697982,-0.012033738,-0.017504235,0.073891199,-0.094730238,0.051798086
0.7,['0.7' '0.8'],['0.7' '0.8' '-0.2'],['0.7' '0.8' '-0.2' '1'],8,2018,2018Q3,201808,1,-0.065695127,0.050687313,0.025092937,0.004668534,-0.021917808,0.000481726,-0.001378159,-0.011904762,0.008,0.035911602,0.001130031,-0.000938042,-0.000996016,0,-0.003968254,0.00046395,0.000784819,0,-0.000981354,0,-0.027973871,-0.005901777,-0.036347518,0.026387625,-0.030008826,-0.005779493,0.047313252,-0.022015241,-0.00505476,-0.07482463,-0.149391384,0.179131789,0.124476872,-0.014444572,-0.016030548,0.001140749,-0.00192375,-0.002094241,0.000523834,0.001836788,0.000686681,0.004695736,0.000287577,0.002884061,0.001251324,0.004663025,0.013544223,0.012610457,0.029470293,0.010920586,0.007620908,0.085714286,-0.078947368,0,-0.05,0.004288818,0.006064654,0.008623649,0.00992877,-1.21E-05,0.004426717,0.006526416,0.009159334,0.009190792,-0.000965919,-0.006514658,-0.004862237,-0.019077901,0.00747464,-0.001066667,-0.037195994,-0.035862069,-0.033333333,0.026459854,-0.034786438,0.012033495,-0.013270969,-0.039983327,-0.036722086,0.028427745,0.008523276,-0.001875408,-0.004868549,0.040439004,-0.027424255,0.00765749,-0.007369433,0.00783079,0.016995074,-0.017504235
0.8,['0.8' '-0.2'],['0.8' '-0.2' '1'],['0.8' '-0.2' '1' '0.4'],11,2018,2018Q4,201811,1,-0.002922549,0.047184464,-0.007561437,-0.013979497,-0.027198549,0.000891826,-0.003595737,-0.029216467,0.01894452,-0.010709505,-0.002082622,-0.00215091,-0.002002002,-0.002994012,-0.000997009,4.16E-05,-0.001224965,-0.003940887,-0.000984252,-0.001964637,-0.000381409,0.048946029,0.028037383,-0.034296029,0.019319227,0.008909563,0.060102491,-0.05517909,-0.05834093,-0.05021645,-0.022848492,0.158981659,-0.03491875,-0.006544683,-0.13965373,0.002654393,-0.001809877,0.007642206,0.008848782,-0.00192375,0.00223769,-0.003408768,0.002848732,0.004483022,0.004695736,0.005738397,0.017605945,0.016639683,-0.002869955,0.013544223,0.00975739,-0.024390244,-0.088888889,0.184210526,0.085714286,0.004829047,0.007641563,0.007274991,0.002928203,0.000930275,0.004718382,0.007665262,0.007576727,0.006581538,0.000380293,-0.004856989,0.035195531,-0.021857923,-0.006514658,-0.004862237,-0.034825871,0.029185868,-0.03268945,-0.037195994,-0.035862069,0.033093724,-0.133747605,0.008691796,0.012033495,-0.013270969,0.018093685,0.083546392,-0.02051862,0.011273589,-0.001875408,0.030352929,0.183922153,-0.070485658,-0.009683667,-0.007369433
-0.2,['-0.2' '1'],['-0.2' '1' '0.4'],['-0.2' '1' '0.4' '1.3'],2,2019,2019Q1,201902,1,0.011758302,0.0090868,0.072610294,-0.009107468,0.045714286,-0.000827743,0.004242221,-0.019151847,-0.020107239,0.020519836,-0.000806134,-0.001817847,-0.003024194,-0.002012072,-0.003009027,-1.85E-05,9.86E-05,-0.001986097,-0.001982161,-0.001978239,-0.001730018,-0.024189856,0.00172117,0.022887324,0.032727273,0.027707085,-0.020078741,0.065340909,-0.014925373,0.098360656,-0.052467184,0.128312455,0.212718295,0.025371615,0.021971889,0.003577411,-0.001047029,-0.003391304,-0.007079952,-0.001809877,-0.002395787,-0.001057591,-0.004784231,-0.007030879,-0.003408768,-0.008149001,-0.001614282,-0.03703365,-0.049208833,0.017605945,0.045125948,0.078947368,-0.025641026,-0.025,-0.024390244,0.006828578,0.006909384,0.0049195,0.001823244,0.007710514,0.00673617,0.007332736,0.008911063,0.003630847,0.006843259,0.015579919,-0.024211712,-0.036876356,-0.004856989,0.035195531,-0.002767017,-0.009863014,-0.059278351,-0.034825871,0.029185868,-0.004267864,0.080258104,-0.026620757,0.033093724,-0.133747605,0.053911424,-0.010205925,-0.090744847,-0.073146598,0.083546392,0.028847012,0.032205061,-0.062682889,-0.038430211,0.183922153
1,['1' '0.4'],['1' '0.4' '1.3'],['1' '0.4' '1.3' '-1.3'],5,2019,2019Q2,201905,1,0.019683229,0.13168318,0.133194589,-0.088235294,-0.096829477,-0.001622598,0.007027806,0.02,-0.034482759,0.011157601,-0.000275966,4.23E-05,0.001013171,-0.001012146,-0.001011122,-0.003743207,-0.001094947,0,-0.005958292,0.00199005,0.035967837,0.082791905,0.162324649,-0.091074681,-0.056701031,0.021415391,0.133451424,0.318016929,-0.174650699,-0.109333333,0.043891904,0.177587441,0.270444079,-0.110518218,-0.251942531,-9.85E-05,0.003659812,-0.001913376,0.00427985,-0.001047029,0.002574731,0.002874665,0.003461538,0.000962464,-0.001057591,0.00570438,0.017661054,0.016841909,0.022160928,-0.001614282,0.010187613,0.052631579,0,-0.073170732,0.078947368,0.005573949,0.005497419,0.008581041,0.009881307,0.004624268,0.005666819,0.007049311,0.008967802,0.009010574,0.003788647,-0.022844089,-0.01017524,0.005113636,0.015579919,-0.024211712,-0.032834101,-0.029625489,-0.007214206,-0.002767017,-0.009863014,-0.073448328,0.029392667,-0.024947163,-0.004267864,0.080258104,-0.020434732,0.022254257,0.177238014,-0.139702528,-0.010205925,-0.03169875,0.076756663,0.129066927,-0.185370901,0.032205061
0.4,['0.4' '1.3'],['0.4' '1.3' '-1.3'],['0.4' '1.3' '-1.3' '-3.2'],8,2019,2019Q3,201908,1,-0.071609858,0.03942602,0.001824818,0.012939002,-0.006427916,-0.000363423,0.002014086,-0.002735978,-0.009485095,0.033613445,-0.002195595,-0.002334699,-0.003042596,-0.002024291,0,0.000504856,0.000430869,0,0.003003003,-0.001998002,-0.030601596,-0.01736279,-0.056603774,0.046678636,-0.039655172,0.023890447,0.015884545,-0.007366483,-0.044014085,0.042201835,-0.168048988,0.134223314,0.129255822,0.020486737,-0.030752824,0.000878636,-0.003038458,-0.001560198,0.001649592,0.003659812,-0.001234801,0,-0.002863142,0.00114657,0.002874665,-0.007906285,0.007955377,-0.037069649,0.021221113,0.017661054,0.00286395,0.052631579,0,-0.05,0.052631579,0.004201559,0.007548415,0.014681427,0.004641164,-0.000998348,0.005387425,0.007662291,0.013597529,0.005467206,0.00255138,-0.197564276,-0.052564103,-0.088252484,-0.022844089,-0.01017524,-0.157742402,-0.076203209,-0.108993448,-0.032834101,-0.029625489,-0.02803586,-0.049783631,0.043531498,-0.073448328,0.029392667,0.035071401,0.063303373,-0.056016787,-0.033932663,0.022254257,0.031766043,0.082660205,-0.073738465,-0.033271719,0.076756663
1.3,['1.3' '-1.3'],['1.3' '-1.3' '-3.2'],['1.3' '-1.3' '-3.2' '2.2'],11,2019,2019Q4,201911,1,0.031366191,0.019538654,-0.00093985,-0.022058824,-0.009107468,-0.000676633,0.003733713,0.018995929,-0.017333333,0.028806584,2.95E-05,-0.000184209,0.001020408,-0.001019368,-0.002034588,0.002082381,0.001060435,0,0.001996008,0,-0.001326276,0.032312186,0.016143498,0.009049774,0.004545455,0.017552137,0.036709979,-0.045098039,-0.052924791,-0.000927644,-0.042100722,0.171851035,-0.026302926,-0.003922219,-0.163829462,0.002513425,0.002423403,0.003735557,0.002351097,-0.003038458,0.00083183,-0.002385724,0.000572902,0.002392802,0,0.000819503,-0.023390228,-0.002522295,0.007076114,0.007955377,0.008657829,0,0.028571429,-0.125,0.052631579,0.003004196,0.007961809,0.001782803,0.014790969,-0.002335237,0.004524381,0.007964608,0.001823681,0.012495302,0.00086498,0.06779661,0.057003257,0.035413153,-0.197564276,-0.052564103,0.099484156,0.054390054,0.105670103,-0.157742402,-0.076203209,0.002150249,0.009902814,0.048409637,-0.02803586,-0.049783631,0.016630061,0.048660418,0.013820904,-0.052990365,0.063303373,0.044069834,0.07558572,-0.080369357,-0.030423609,0.082660205
-1.3,['-1.3' '-3.2'],['-1.3' '-3.2' '2.2'],['-1.3' '-3.2' '2.2' '1.1'],2,2020,2020Q1,202002,1,0.002089473,0.00161255,0.097297297,0.005434783,0.038570085,-0.000876229,0.004286091,0.022068966,-0.02027027,-0.014647137,0.001023562,0.002285497,0.003039514,0.00304878,0.003058104,-0.00049825,-0.000585703,0.002994012,-0.001992032,0,-0.003962955,-0.042258316,0.009966777,0.040622299,0.021182701,0.023585038,-0.028996721,0.170391061,0.004677268,0.097535934,-0.062143806,0.113590803,0.289691134,0.014100434,0.054696778,0.004476046,0.003724556,0.002344157,-0.005525816,0.002423403,0.002146586,0.00372564,0.002778044,-0.001434857,-0.002385724,0.005337225,-0.008177892,0.016058258,-0.00952469,-0.023390228,-0.013037724,0.027027027,0,0.027777778,0,0.005881929,0.003658752,-0.001312624,0.015838321,0.006302777,0.006532117,0.00440103,0.001653368,0.012258758,0.005835916,-0.077507599,-0.025185185,-0.025974026,0.06779661,0.057003257,-0.087399854,-0.012230216,-0.068364611,0.099484156,0.054390054,-0.062293241,-0.035792453,0.05254411,0.002150249,0.009902814,0.009623133,-0.096488828,0.028708134,-0.037735849,0.048660418,-0.011173787,-0.017673415,0.074728019,-0.030685453,0.07558572
-3.2,['-3.2' '2.2'],['-3.2' '2.2' '1.1'],['-3.2' '2.2' '1.1' '1.7'],5,2020,2020Q2,202005,1,-0.015945675,0.109537948,0.088206145,-0.036294174,-0.140394089,-0.002516329,0.01131153,0.054441261,-0.054200542,-0.004048583,-0.000443154,-0.001081583,-0.005050505,0,0,-0.005230053,-0.004334941,-0.010989011,-0.006944444,0.002985075,0.041980197,0.110499571,0.093047035,-0.125223614,-0.080592105,-0.030553974,0.108190793,0.252074689,-0.014314928,-0.221957041,0.003046595,0.125056055,0.242278098,-0.000187182,-0.332273905,0.000936731,-0.004407571,-0.002155916,0.000690369,0.003724556,-0.00510019,-0.00867052,-0.008879977,-0.003235938,0.00372564,-0.012404094,-0.056504469,-0.05348247,-0.01435983,-0.008177892,-0.019843968,0.027027027,0.121212121,-0.131578947,0.027027027,0.004816509,0.002531156,0.002973589,0.019001297,0.003035238,0.005992435,0.004278119,0.003997292,0.012992553,0.004113947,-0.127659574,-0.133009709,-0.151565074,-0.077507599,-0.025185185,-0.142578125,-0.061411549,-0.129289705,-0.087399854,-0.012230216,0.042124505,0.109948479,-0.116944555,-0.062293241,-0.035792453,-0.026589377,-0.212118468,0.133456524,-0.016755829,-0.096488828,-0.017611297,-0.097209103,0.138429954,-0.135991215,-0.017673415
2.2,['2.2' '1.1'],['2.2' '1.1' '1.7'],['2.2' '1.1' '1.7' '0.8'],8,2020,2020Q3,202008,1,-0.059129646,0.115568371,0.07184466,0.003898635,-0.06557377,-0.004271125,0.018104057,0.077165354,-0.09025788,-0.051630435,-0.000597121,-0.0006635,0.003064351,-0.00305499,-0.003045685,-0.001640126,-0.003170922,0.002061856,-0.008179959,-0.012121212,-0.043865773,-0.006773509,-0.012668919,0.087235996,0.018709074,0.006674048,0.047675505,0.09703504,-0.035528596,-0.043910522,-0.199098727,0.198806949,0.161536439,-0.010659338,-0.088206383,0.002998524,-0.000779626,0.002692608,-0.000607639,-0.004407571,0.004025442,0.002319961,0.005051977,0.000291545,-0.00867052,0.007331933,-0.008295477,0.024691358,0.040101042,-0.056504469,-0.058394153,0,0,0.105263158,0.027027027,0.006288167,0.0034732,0.005623186,0.01806812,0.008233588,0.006378299,0.004965554,0.005212515,0.012356061,0.005753108,-0.026124819,-0.041724618,-0.077021823,-0.127659574,-0.133009709,0.003631961,-0.028235294,-0.031890661,-0.142578125,-0.061411549,0.034142893,0.066896548,0.038790895,0.042124505,0.109948479,-0.019680102,0.084760366,0.130111977,-0.055523623,-0.212118468,-0.007731464,0.086671375,0.033903609,-0.088176543,-0.097209103
1.1,['1.1' '1.7'],['1.1' '1.7' '0.8'],['1.1' '1.7' '0.8' '0.3'],11,2020,2020Q4,202011,1,-0.005235106,0.053132868,0.070243902,-0.042056075,-0.030797101,0.000138218,-0.001015747,0.041193182,0.004279601,0.024853801,0.001112587,0.001710087,0.003033367,0.004060914,0.00305499,0.002462321,0.001039865,0.003061224,0.006160164,0.002057613,0.022596221,-0.010164922,0.056401074,0.007213706,-0.05132592,0.025900885,0.095541133,0.146706587,-0.133967156,-0.052416052,-0.036104863,0.232727204,0.134713876,-0.086202481,-0.154677427,0.002032839,-0.005487439,0.005431034,0.005635024,-0.000779626,0.001085682,-0.003927203,0.001919386,0.004918507,0.002319961,-0.001785611,-0.022091011,-0.011173747,-0.01075483,-0.008295477,-0.02561448,0.048780488,0.138888889,-0.142857143,0,0.004766744,0.007059698,0.01295992,0.002720963,0.000244204,0.005592512,0.007191665,0.010243784,0.002151975,0.002451335,0.029411765,-0.035460993,0.050670641,-0.026124819,-0.041724618,0.06043956,0.002202643,0.095295537,0.003631961,-0.028235294,0.142994509,-0.026092298,0.000739413,0.034142893,0.066896548,-0.041205602,-0.060193322,0.203977994,-0.061556791,0.084760366,-0.009690205,0.003528647,0.092079911,-0.084401114,0.086671375
1.7,['1.7' '0.8'],['1.7' '0.8' '0.3'],['1.7' '0.8' '0.3' '1.2'],2,2021,2021Q1,202102,1,-0.036146594,0.013649244,0.098821396,0.02891791,-0.022789426,-0.000146476,0.001286584,0,-0.005427408,0.005457026,0.002928566,0.003697627,0.002,0.005025126,0.003024194,0.000839146,0.003489029,0,0.005055612,0.006103764,-0.015624139,-0.011149475,0.000840336,0.027633851,-0.018644068,-0.023531569,0.016665567,0.18254675,0.070543375,-0.087032202,-0.129898978,0.112792343,0.233901124,0.127651958,-0.082925459,0.002978503,0.007059229,0.002416293,-0.000948358,-0.005487439,0.005918959,0.011059205,0.007879312,0.000769305,-0.003927203,0.006152438,0.036931239,0.020510151,-0.000104102,-0.022091011,-0.06580418,0.155555556,0.071428571,-0.023255814,0.048780488,0.006791789,0.007419726,0.002832835,0.008970895,0.009617882,0.006779018,0.007013724,0.002855678,0.009962113,0.008019167,-0.034532374,-0.033379694,0.027142857,0.029411765,-0.035460993,0.020512821,0.005154639,0.005181347,0.06043956,0.002202643,0.012344559,0.03575468,0.108874173,0.142994509,-0.026092298,-0.021098848,-0.082522253,0.086005963,0.034969612,-0.060193322,-0.032543127,0.000645213,0.111818508,0.031923753,0.003528647
0.8,['0.8' '0.3'],['0.8' '0.3' '1.2'],['0.8' '0.3' '1.2' 'nan'],5,2021,2021Q2,202105,1,-0.013545319,0.096581079,0.144970414,-0.04519774,-0.123762376,0.001760334,-0.007123527,-0.017241379,0.034293553,-0.005457026,0.000776657,0.001984113,0.001986097,0.00199005,0.002994012,0.000827616,0.000719144,0.005040323,0,-0.002012072,0.018973577,0.07620282,0.125235405,-0.053475936,-0.057934509,0.010314347,0.115413297,0.274302214,-0.116496599,-0.114457831,-0.076092356,0.222916707,0.278732056,-0.004160849,-0.380340397,0.001069884,0.001356967,0.002550804,0.005385536,0.007059229,0.006753932,0.009531742,0.010662177,0.008203678,0.011059205,0.010667474,-0.00227666,0.034771956,0.044077135,0.036931239,0.028707303,-0.026315789,-0.025641026,-0.25,0.155555556,0.006694412,0.003490735,0.010855663,0.017635253,0.01011852,0.006837918,0.004564668,0.00774153,0.012612095,0.007385285,-0.072837633,-0.036549708,0.019374069,-0.034532374,-0.033379694,-0.003514938,0.004413063,0.138693467,0.020512821,0.005154639,0.017808924,0.028235263,0.016087223,0.012344559,0.03575468,-0.041020611,-0.025877712,0.181707999,-0.027473026,-0.082522253,-0.04526416,0.017722066,0.17297617,-0.046183606,0.000645213
0.3,['0.3' '1.2'],['0.3' '1.2' 'nan'],['0.3' '1.2' 'nan' 'nan'],8,2021,2021Q3,202108,1,-0.066323412,0.059489631,0.067150635,-0.00810081,-0.043066322,-0.000332132,0.002180936,0.002724796,-0.009446694,0,0.000922852,0.002486658,0.001968504,0.0029615,0.003964321,-0.002827645,-0.001055254,0.000995025,0.000996016,0.007021063,-0.03079516,-0.028156,-0.026872964,0.032800673,-0.005020921,0.029544048,0.042529939,0.090909091,-0.079259259,0.019637462,-0.210532702,0.196702454,0.174982818,-0.043688762,-0.067869346,0.001651112,0.002031316,0,0.000677564,0.001356967,0.003479842,0.009704335,0.005288111,0.005408378,0.009531742,0.008763859,0.035985502,0.027213899,0.029664111,-0.00227666,0.078853536,-0.083333333,-0.027027027,0,-0.026315789,0.005564027,0.006896781,0.010141203,0.012306489,0.005550117,0.009748578,0.008651636,0.011389524,-0.00593542,0.016944681,0.1,0.140350877,0.306055646,-0.072837633,-0.036549708,-0.005637773,0.089861751,0.148148148,-0.003514938,0.004413063,-0.000952434,-0.028622736,0.028952034,0.017808924,0.028235263,-0.00647331,0.014713771,0.065659453,-0.008261116,-0.025877712,0.005315449,0.069969797,0.040323184,-0.053797692,0.017722066
1.2,['1.2' 'nan'],['1.2' 'nan' 'nan'],['1.2' 'nan' 'nan' 'nan'],11,2021,2021Q4,202111,1,-0.002925777,0.056274444,0.023919043,-0.028596962,-0.048469388,0.000734686,-0.002407365,-0.017356475,0.012162162,0.005434783,-0.001154953,-0.002510888,-0.00295858,-0.001968504,-0.001964637,-0.00090365,0.000977489,-0.00099108,0.001986097,0.000994036,0.008718811,0.033977853,0.053218884,-0.03078203,0.005857741,0.023602466,0.090728185,-0.037885463,-0.117418351,-0.051622419,-0.062963835,0.21052671,0.029247628,-0.007590394,-0.177332884,0.001803327,0.001758058,0.004119032,0.004814596,0.002031316,0.002464294,0.010415739,0.003753016,0.005209737,0.009704335,0.007926919,0.052411576,0.022942192,0.012994586,0.035985502,0.01980868,0.032258065,0,-0.060606061,-0.083333333,0.005591388,0.006437803,0.003905516,0.014768719,0.005952891,0.00682115,0.008016571,0.00301231,0.005632022,0.007985616,0.136672326,0.097856477,0.071928072,0.1,0.140350877,0.060260586,0.215841584,0.073706591,-0.005637773,0.089861751,-0.044323185,-0.031979719,-0.040774927,-0.000952434,-0.028622736,0.001894609,-0.006670125,0.056782581,-0.035722377,0.014713771,0.023166104,0.042591565,0.006633615,-0.03750252,0.069969797
