Y,YY1,YY2,YY3,MONTH,YEAR,QRT,TIME,STATE,X1_L2,X1_L3,X2_L2,X2_L3,X3_L2,X3_L3,X4_L2,X4_L3,X5_L2,X5_L3,X6_L2,X6_L3,X7_L2,X7_L3,X8_L1,X8_L2,X8_L3,X9_L1,X9_L2,X9_L3,X10_L1,X10_L2,X10_L3,X11_L1,X11_L2,X11_L3,X12_L2,X12_L3,X13_L2,X13_L3,X14_L0,X14_L1,X14_L2,X14_L3,X15_L0,X15_L1,X15_L2,X15_L3,X16_L0,X16_L1,X16_L2,X16_L3,X17_L1,X17_L2,X17_L3,X18_L1,X18_L2,X18_L3
1.3,['1.3' '2.8'],['1.3' '2.8' '-0.3'],['1.3' '2.8' '-0.3' '1.2'],4,2000,2000Q2,200004,0,,,,,,,,,,,,,,,,,,,,,,,,,,,,,,,,,,,,,,,,,,,,,,,,
2.8,['2.8' '-0.3'],['2.8' '-0.3' '1.2'],['2.8' '-0.3' '1.2' '1.3'],7,2000,2000Q3,200007,0,,,,,,,,,,,,,,,,,,,,,,,,,,,,,,,,,,,,,,,,,,,,,,,,
-0.3,['-0.3' '1.2'],['-0.3' '1.2' '1.3'],['-0.3' '1.2' '1.3' '1.4'],10,2000,2000Q4,200010,0,,,,,,,,,,,,,,,,,,,,,,,,,,,,,,,,,,,,,,,,,,,,,,,,
1.2,['1.2' '1.3'],['1.2' '1.3' '1.4'],['1.2' '1.3' '1.4' '1.8'],1,2001,2001Q1,200101,0,,,,,,,,,,,,,,,,,,,,,,,,,,,,,,,,,,,,,,,,,,,,,,,,
1.3,['1.3' '1.4'],['1.3' '1.4' '1.8'],['1.3' '1.4' '1.8' '2.5'],4,2001,2001Q2,200104,0,,,,,,,,,,,,,,,,,,,,,,,,,,,,,,,,,,,,,,,,,,,,,,,,
1.4,['1.4' '1.8'],['1.4' '1.8' '2.5'],['1.4' '1.8' '2.5' '1.8'],7,2001,2001Q3,200107,0,,,,,,,,,,,,,,,,,,,,,,,,,,,,,,,,,,,,,,,,,,,,,,,,
1.8,['1.8' '2.5'],['1.8' '2.5' '1.8'],['1.8' '2.5' '1.8' '2'],10,2001,2001Q4,200110,0,,,,,,,,,,,,,,,,,,,,,,,,,,,,,,,,,,,,,,,,,,,,,,,,
2.5,['2.5' '1.8'],['2.5' '1.8' '2'],['2.5' '1.8' '2' '1.1'],1,2002,2002Q1,200201,0,0.038709677,-0.029733959,-0.012016021,-0.0066313,0.012409514,0.003112033,0.003006012,0.004024145,0.039453718,-0.026587888,-0.003610108,0,0.115605257,-0.118215836,0.001837511,-0.005612112,0,-0.006051242,-0.003975378,-0.004849413,-0.005502063,-0.047681425,-0.028629597,0,0.027777778,-0.027027027,0.00202329,-0.004847939,0.00540897,0.000936465,-0.020599251,0.094262295,0.104072398,-0.069473684,0.02529511,0.110486891,0.126582278,-0.030674847,0.07837682,0.077357934,0.19724438,0.121184957,-0.07360493,0.047704448,-0.050085179,-0.032689913,0.008160703,-0.017273288
1.8,['1.8' '2'],['1.8' '2' '1.1'],['1.8' '2' '1.1' '-0.7'],4,2002,2002Q2,200204,0,-0.071884984,-0.083455344,0.013192612,0.063113604,0.01284585,0.019133938,0.004995005,0.004012036,-0.026745914,-0.04674221,-0.018050542,-0.064189189,-1.47E-05,-0.328650041,0.005574281,0.004819591,0.005764444,0.005271956,0.005040062,0.002331606,0.04131112,0.007780508,0.013278008,-0.028571429,-0.027777778,-0.027027027,0.01909131,0.007260981,0.015645896,0.013868712,0.030418251,0.060483871,-0.051625239,-0.020599251,0.026984127,0.064189189,-0.026315789,0.02529511,-0.059447509,0.092184051,0.096140735,0.07837682,0.221868787,-0.060515502,-0.010716925,0.141281875,-0.076678333,0.01158674
2,['2' '1.1'],['2' '1.1' '-0.7'],['2' '1.1' '-0.7' '-0.2'],7,2002,2002Q3,200207,0,0.016566265,0.007587253,-0.015075377,0.005050505,-0.002876318,0.002884615,-0.001966568,0.001970443,0.009776536,-0.004172462,-0.013574661,-0.00896861,0.020130249,0.065167843,-0.000893997,0.003717472,0.005672296,-0.006320313,0.00418888,0.007674597,-0.035124785,-0.031337938,0.016909469,-0.060606061,-0.029411765,0,0.013260841,0.000598293,0.011190671,0.003123832,-0.007434944,-0.007380074,0,0.030418251,-0.038785835,-0.058730159,-0.026275116,0.026984127,-0.033296532,-0.067403315,-0.054538547,-0.059447509,-0.074882995,0.034204582,0.008460788,-0.06230441,0.011801957,0.048913043
1.1,['1.1' '-0.7'],['1.1' '-0.7' '-0.2'],['1.1' '-0.7' '-0.2' '1.9'],10,2002,2002Q4,200210,0,-0.030120482,0.021538462,0.019132653,0.027522936,-0.004887586,-0.006796117,-0.00098912,0,-0.020028612,0.034023669,-0.085714286,0.006389776,-0.025556485,-0.08338378,0.005603668,0.006537623,-0.00281222,0.002038476,0.001275673,-0.002798626,0.023419204,0.012554052,-0.018886,-0.090909091,0.064516129,0,0.012846665,-0.001434568,0.013503001,0.003322212,0.021868787,-0.001984127,-0.056179775,-0.007434944,0.003724395,0,-0.057894737,-0.038785835,0.019337273,-0.122189028,0.025641026,-0.033296532,-0.012387736,0.015408805,0.072512648,0.018232819,-0.002239015,0.084041262
-0.7,['-0.7' '-0.2'],['-0.7' '-0.2' '1.9'],['-0.7' '-0.2' '1.9' '2.6'],1,2003,2003Q1,200301,0,0.004366812,0.033082707,-0.007692308,0.003861004,-0.000996016,-0.008884501,0.001974334,0,-0.00273224,0.011049724,0.059800664,-0.03525641,0.101017782,0.055553148,0.004567369,0.001016002,-0.002786221,0.000126727,0.002031746,0.001271456,0.02184366,-0.042362847,0.02315251,0,0,0.033333333,0.015051936,0.023700949,0.013325714,0.019216353,-0.047713718,-0.001984127,-0.019455253,0.021868787,-0.060606061,-0.001890359,-0.018552876,0.003724395,-0.056871962,-0.134174945,0.099981788,0.019337273,-0.037132988,-0.031772575,0.125117592,0.027706516,0.017754569,0.055096419
-0.2,['-0.2' '1.9'],['-0.2' '1.9' '2.6'],['-0.2' '1.9' '2.6' '1.3'],4,2003,2003Q2,200304,0,-0.069018405,-0.111716621,0.001287001,-0.010191083,-0.002994012,-0.001992032,-0.004940711,-0.001972387,-0.14600551,-0.013586957,0.189292543,-0.224035608,-0.011520517,-0.35680537,0.011855734,0.005395232,0.006567315,0.009757318,0.00528169,0.007602636,0.017896228,0.03491006,0.009007798,0,0,0.064516129,0.006004614,0.009953839,0.005545916,0.009136832,-0.025423729,0.019438445,-0.033402923,-0.047713718,-0.037656904,0.010570825,-0.046370968,-0.060606061,0.118816502,-0.069044019,-0.027759943,-0.056871962,0.128909953,-0.02854512,-0.026008969,0.144220846,-0.039405204,0.007239141
1.9,['1.9' '2.6'],['1.9' '2.6' '1.3'],['1.9' '2.6' '1.3' '0.8'],7,2003,2003Q3,200307,0,0,-0.004418262,-0.019280206,-0.003841229,-0.003021148,-0.004012036,-0.001002004,-0.005976096,0.030973451,-0.005865103,-0.066460587,-0.080965909,0.056225106,0.011403586,-0.002723109,-0.001853225,-0.00172669,-0.004757731,-0.00560259,-0.004955401,0.002573828,-0.021603711,-0.045661523,0,0.058823529,0.03030303,0.004882229,-0.00743772,0.008786945,-0.001102643,-0.002336449,-0.004651163,-0.065217391,-0.025423729,0.073710074,-0.046838407,-0.07173913,-0.037656904,0.065066499,0.057639481,0.056844915,0.118816502,0.033372365,-0.043940666,0,-0.022498677,-0.083009709,-0.07102593
2.6,['2.6' '1.3'],['2.6' '1.3' '0.8'],['2.6' '1.3' '0.8' '0.4'],10,2003,2003Q4,200310,0,-0.020771513,-0.011730205,0.058583106,-0.058974359,0.005035247,-0.001006036,0.001004016,-0.001003009,-0.032983508,0.018320611,-0.04130809,-0.093603744,0.014367552,-0.128253579,0.00915162,0.00447205,-0.00086881,0.004254254,0.003641844,0.001761228,-0.017722879,0.006486486,-0.000135117,0.027777778,0,0,0.007743897,0.001415437,0.005843348,0.006883218,0.00982801,-0.019277108,-0.028103044,-0.002336449,0.007058824,-0.08008658,0.057208238,0.073710074,0.121630921,-0.081570042,0.064399036,0.065066499,0.114390107,-0.015222807,0.023512748,0.07661823,-0.084200339,0.119144327
1.3,['1.3' '0.8'],['1.3' '0.8' '0.4'],['1.3' '0.8' '0.4' '0.8'],1,2004,2004Q1,200401,0,-0.007042254,0.039531479,-0.01992528,0.016455696,-0.000996016,0.005005005,0.000999001,0.004012036,0,0.007132668,-0.081566069,0.042517007,0.054102066,0.086946309,0.004538763,-0.00183666,0.000857843,0.006554539,0.004596844,0.002865687,0.022730208,0.026786898,0.030754511,-0.051282051,0.054054054,0,0.012620071,0.00999033,0.010389224,0.008541697,-0.014989293,0.044742729,0.087591241,0.00982801,0.002053388,0.020964361,0.114485981,0.007058824,0.046613462,0.018249642,0.017664502,0.121630921,0.070833333,-0.054911398,0.152837327,0.122156506,-0.044555531,0.129079755
0.8,['0.8' '0.4'],['0.8' '0.4' '0.8'],['0.8' '0.4' '0.8' '0.9'],4,2004,2004Q2,200404,0,-0.023952096,-0.138064516,0.031407035,-0.00871731,0.001988072,0.002991027,0.005952381,0.002985075,-0.103641457,-0.0041841,0.189753321,-0.172684458,-0.028444811,-0.390797065,0.009665338,0.004490291,0.006227867,0.009577397,0.012484848,0.013638039,0.014156215,-0.001240233,0.018184114,0,0.028571429,-0.054054054,0.018802222,-0.00223858,0.015101687,0.00443488,-0.028235294,-0.038461538,-0.039130435,-0.014989293,-0.008733624,-0.051759834,-0.010245902,0.002053388,-0.020056786,-0.003305336,0.041154979,0.046613462,0.12054066,0.10802848,-0.119541721,0.1004313,0.070580475,-0.078045814
0.4,['0.4' '0.8'],['0.4' '0.8' '0.9'],['0.4' '0.8' '0.9' '1.9'],7,2004,2004Q3,200407,0,-0.001414427,-0.015320334,0.007407407,0.004962779,-0.003964321,0,-0.003940887,0,0.016034985,0.002923977,-0.020092736,-0.086158192,-0.007727214,0.001760544,0,-0.000837621,0,-0.000941841,0.00236016,0.004861852,-0.016782886,0.036252296,-0.000244888,-0.054054054,0.027777778,0,0.000859595,0.006713065,0.007084567,0.00483914,-0.014563107,0.012285012,-0.014527845,-0.028235294,-0.021028037,-0.025056948,-0.033039648,-0.008733624,-0.064202904,-0.022454717,-0.068378842,-0.020056786,-0.023204641,0.002406256,-0.013842199,0.046422056,-0.062879939,-0.01754386
0.8,['0.8' '0.9'],['0.8' '0.9' '1.9'],['0.8' '0.9' '1.9' '1.5'],10,2004,2004Q4,200410,0,-0.023021583,-0.025245442,0.01025641,-0.010152284,-0.004008016,-0.003992016,-0.004975124,-0.003964321,-0.056213018,-0.010248902,0.009661836,-0.10130246,0.023796545,-0.099043433,0,0.008689442,0.006107784,0.004072135,0.008802817,0.004006599,-0.014387661,0.027557658,0.016348119,0,0,0.057142857,0.002490382,0.002529289,0.001111646,0.006604237,-0.005714286,-0.061662198,-0.081280788,-0.014563107,-0.013927577,-0.060209424,-0.088305489,-0.021028037,-0.000299369,0.039224959,0.09278701,-0.064202904,0.059743041,-0.057137089,0.01433545,0.015227409,-0.025575947,-0.007748935
0.9,['0.9' '1.9'],['0.9' '1.9' '1.5'],['0.9' '1.9' '1.5' '1'],1,2005,2005Q1,200501,0,0.005563282,0.016973126,0.020304569,-0.008805031,-0.001007049,0,-0.001004016,-0.002004008,0.007092199,-0.011220196,-0.032,0.024590164,0.025653324,-0.014358758,0.001780838,-0.006018409,0,-0.007291667,0.000694927,0.000463499,-0.04845447,-0.049029622,0.028961812,0,0.027027027,0,0.006924072,-0.000484621,0.005521787,0.000533231,0.06097561,-0.017964072,-0.040229885,-0.005714286,0.112804878,-0.040935673,-0.033898305,-0.013927577,0.041052773,0.020340296,0.051770399,-0.000299369,-0.012725931,0.010247811,0.084461507,0.020965469,0.000176211,0.119992106
1.9,['1.9' '1.5'],['1.9' '1.5' '1'],['1.9' '1.5' '1' '1.6'],4,2005,2005Q2,200504,0,-0.07183908,-0.106546855,-0.039555006,0.021464646,0.003036437,-0.002020202,-0.003030303,-0.001009082,-0.027616279,-0.075268817,-0.051529791,-0.012718601,-0.082561308,-0.368399651,0.006078317,0.003990142,0.009836454,0.000921978,0.002078762,0.009560452,0.015762243,-0.000601251,0.043020193,0,-0.026315789,0,0.020331046,-0.003503636,0.012355933,0.002074359,-0.028795812,0.097701149,0,0.06097561,-0.044554455,-0.035799523,0.147945205,0.112804878,-0.05631265,-0.045166904,0.084335799,0.041052773,0.242023008,-0.09560267,-0.048384084,0.233410943,-0.051003498,-0.06281277
1.5,['1.5' '1'],['1.5' '1' '1.6'],['1.5' '1' '1.6' '0.7'],7,2005,2005Q3,200507,0,0.012396694,-0.022880215,-0.014030612,-0.021223471,-0.003012048,0,0.001014199,-0.002024291,0.019858156,-0.019471488,0.034003091,-0.079658606,0.029349902,0.036985063,-0.003020797,-0.000928613,0.000929476,-0.004507628,-0.006544953,0.002763385,0.0147182,-0.022230022,0.012437811,0.027027027,0,0,-0.000693402,0.017775688,0.001253113,0.017124475,0.030054645,0.016666667,-0.029649596,-0.028795812,0.08707124,0.021563342,-0.038860104,-0.044554455,0.102295271,0.039115243,0.064643915,-0.05631265,0.035774176,0.009783631,-0.071128976,-0.00339213,-0.007741501,-0.065282366
1,['1' '1.6'],['1' '1.6' '0.7'],['1' '1.6' '0.7' '1.6'],10,2005,2005Q4,200510,0,-0.01920439,-0.01884253,0,0.003821656,0.004036327,0.003036437,0,0.001014199,-0.031518625,-0.012729844,-0.094285714,-0.015471167,0.026732579,-0.149746851,0.004976276,0.003017992,0.003962242,0.004372842,0.002769444,0.006153489,0.014792899,0.00953475,0.026533019,0.081081081,-0.026315789,0,-0.002721213,0.006999732,-0.000940085,0.010475921,0.059665871,0.079896907,0.029177719,0.030054645,0.064159292,0.043879908,0.050970874,0.08707124,-0.05151473,0.127089622,-0.025159949,0.102295271,0.055974959,-0.012545455,-0.01061342,0.042392376,0.026480013,0.009019741
1.6,['1.6' '0.7'],['1.6' '0.7' '1.6'],['1.6' '0.7' '1.6' '0.8'],1,2006,2006Q1,200601,0,0.037135279,0.01344086,0.037641154,0.01142132,0.003006012,0.001003009,0.004052685,0,0.039455782,0.01800554,0.031531532,0.086460033,0.110409206,0.000226226,0.003012048,-0.004038306,-0.001957623,-0.002865001,-0.002856816,0.002635197,-0.010149942,-0.02232747,-0.005606638,-0.027777778,-0.076923077,-0.025,0.011045265,-0.001020429,0.0105342,0.000918598,-0.010706638,0.021881838,0.029279279,0.059665871,-0.007905138,-0.007843137,0.06029106,0.064159292,0.014832858,0.063147429,0.120308088,-0.05151473,-0.031616688,0.041765705,0.027027027,0.022398293,0.038778094,-0.004098361
0.7,['0.7' '1.6'],['0.7' '1.6' '0.8'],['0.7' '1.6' '0.8' '1.7'],4,2006,2006Q2,200604,0,-0.043656207,-0.131516588,-0.028014616,0.030112923,0.00099108,0.00498008,-0.001002004,0.004024145,-0.113009198,-0.08423586,0.027231467,-0.125661376,0.001084854,-0.408251004,0.00595852,0.00195178,0.006006006,-0.001259302,0.000458138,0.00344788,0.00404473,-0.011291461,-0.009321836,0,0.029411765,-0.028571429,0.010916365,0.002967844,0.01127695,-0.000710426,0.008752735,0,-0.010822511,-0.010706638,0.004056795,0.012320329,-0.029880478,-0.007905138,0.044226243,-0.008741679,-0.020173878,0.014832858,0.150634541,-0.006032907,-0.079434534,0.107153823,0.019086358,-0.047391952
1.6,['1.6' '0.8'],['1.6' '0.8' '1.7'],['1.6' '0.8' '1.7' '1.7'],7,2006,2006Q3,200607,0,0.015645372,-0.016666667,0.016497462,-0.019900498,0.000993049,-0.002970297,0.002002002,0,0.027063599,-0.010709505,0.03030303,-0.074390244,0.011155491,-0.004801688,-0.001930721,0.001934456,0.001025174,-0.001938205,0.003546911,0.001834021,0.009172208,0.018449323,0.014691943,0.029411765,-0.028571429,0,0.013835322,0.009416938,0.008516759,0.011164114,0.025531915,0.023965142,-0.004338395,0.008752735,0,0.023012552,-0.034343434,0.004056795,0.002061537,-0.017113152,-0.071865777,0.044226243,0.010629859,0.07559727,-0.063299233,-0.011481684,0.073671852,-0.055185801
0.8,['0.8' '1.7'],['0.8' '1.7' '1.7'],['0.8' '1.7' '1.7' '1.2'],10,2006,2006Q4,200610,0,0.032653061,-0.052835052,0.078484438,-0.069269521,-0.003003003,-0.00498008,0,-0.007,0.017316017,-0.067294751,0.069014085,-0.048257373,0.066949163,-0.1680559,0.002929908,0.005894355,0.003868912,0.003281285,0.00637668,0.003198538,-0.034771127,0.018263305,0.013974097,0,0,0,0.009257972,-0.00541971,0.007500185,0.003650054,-0.008547009,-0.016806723,-0.012448133,0.025531915,-0.014925373,-0.016771488,-0.024539877,0,-0.005002151,0.013801617,0.042317116,0.002061537,0.111545682,0.06746827,-0.059968603,0.027099544,0.051784958,-0.020049779
1.7,['1.7' '1.7'],['1.7' '1.7' '1.2'],['1.7' '1.7' '1.2' '2.2'],1,2007,2007Q1,200701,0,0.047133758,-0.035626536,-0.006053269,0.011015912,0.002982107,0.004995005,0.002985075,0.010050251,0.02875817,0.006578947,0.067934783,-0.03030303,0.101578844,-0.068416814,0.002836397,-0.004854917,-0.004831461,-0.000915018,-0.00489415,-0.009134995,0.00070373,-0.015814383,-0.012425901,-0.028571429,-0.027777778,0.028571429,0.015386282,-0.00102418,0.013416582,0.000889313,0.026804124,0.031914894,0.012931034,-0.008547009,0.031120332,0.021186441,0.021645022,-0.014925373,-0.051747696,0.001570999,0.049584112,-0.005002151,-0.059965977,0.096022374,-0.094159043,0.028085336,0.039438596,-0.069357367
1.7,['1.7' '1.2'],['1.7' '1.2' '2.2'],['1.7' '1.2' '2.2' '0.4'],4,2007,2007Q2,200704,0,-0.033766234,-0.118993135,0.003802281,0.002541296,0.000993049,0,0.001984127,-0.001980198,-0.022280472,-0.098108747,-0.012970169,-0.05398773,-0.035621345,-0.359659444,0.005831558,0.006774303,0.002036429,0.004347329,0.000572344,0.000114482,0.032560319,0.018368321,-0.01734646,0.032258065,-0.088235294,0,0.006345525,-0.005124506,0.007206475,-0.001625301,0.016359918,-0.014112903,-0.004016064,0.026804124,0.03131524,-0.024439919,-0.012072435,0.031120332,0.061746584,0.02484231,0.041985547,-0.051747696,0.150008206,-0.050046773,-0.032725079,0.150239369,-0.076222685,0.009718939
1.2,['1.2' '2.2'],['1.2' '2.2' '0.4'],['1.2' '2.2' '0.4' '0.5'],7,2007,2007Q3,200707,0,0.01743462,-0.017135863,0.01509434,0.006329114,0,0.000992063,0,0.001976285,0.044328553,-0.034005038,-0.040697674,-0.017142857,0.0056905,0.029278774,0,0.000999667,0.003790835,0.002024747,0.005656109,0.0069484,-0.002900167,0.005044843,0.011796733,0,0,0.03125,0.01292626,-0.002393968,0.011900581,0.002260517,0.027184466,0.007827789,0.028169014,0.016359918,0.020992366,0.02745098,0.032388664,0.03131524,0.108780684,0.02509833,0.10288282,0.061746584,0.01438435,0.010612008,-0.018267447,-0.048318563,0.005738706,0.002570694
2.2,['2.2' '0.4'],['2.2' '0.4' '0.5'],['2.2' '0.4' '0.5' '0.8'],10,2007,2007Q4,200710,0,0.001228501,-0.016908213,0.024050633,-0.007537688,0.000983284,0.004940711,0.000985222,0,-0.01321004,-0.019430052,0.034391534,-0.074663403,0.02121765,-0.10071773,0.005632247,0.000994915,0.003772747,0.004711689,-0.000560601,0.001234845,0.023054755,0.009511022,-0.000223739,-0.03030303,0,0,0.00524505,-0.001877086,0.007954514,-0.000838882,-0.009276438,0.016981132,0.001890359,0.027184466,0.005565863,0.020833333,-0.013084112,0.020992366,0.060812338,0.039098033,-0.031051017,0.108780684,-0.052169138,0.009423503,0.023255814,-0.076989089,0.00728575,0.033039929
0.4,['0.4' '0.5'],['0.4' '0.5' '0.8'],['0.4' '0.5' '0.8' '-3.3'],1,2008,2008Q1,200801,0,0.004634994,0.055012225,-0.001213592,0.04040404,0.000984252,-0.001964637,0.000984252,0.000985222,0.006127451,0.006165228,0.066496164,0.136627907,0.068619878,0.077387737,0.003726436,0,0.001976719,0.003994674,0.004234455,0.002009826,0.017020838,0.040575354,0.009317443,-0.060606061,0,0.03125,0.013185147,0.013987063,0.009237733,0.013588126,-0.023214286,0.044776119,0.003745318,-0.009276438,-0.076400679,0.063176895,0.022140221,0.005565863,-0.143611666,-0.004653725,-0.076930528,0.060812338,-0.086373063,0.010602885,0.174826188,-0.002456478,0.033101622,0.203745517
0.5,['0.5' '0.8'],['0.5' '0.8' '-3.3'],['0.5' '0.8' '-3.3' '0.1'],4,2008,2008Q2,200804,0,-0.05861244,-0.104925054,-0.017114914,0.011124845,-0.005934718,-0.003940887,-0.000976563,0.002938296,-0.039800995,-0.056338028,-0.037711313,-0.123147092,-0.110291739,-0.361107549,0.00931139,0.003803934,0.004695348,0.013067625,0.009231784,0.005636605,0.081552468,0.027168028,0.03042905,0.034482759,-0.033333333,-0.032258065,0.014964796,0.017406558,0.009139327,0.012576695,0.001980198,0.01,-0.085923218,-0.023214286,-0.033009709,0.017786561,-0.069852941,-0.076400679,0.071291498,-0.004457765,0.053512076,-0.143611666,0.186546957,-0.062274489,-0.000801175,0.134218613,-0.09432462,0.077194861
0.8,['0.8' '-3.3'],['0.8' '-3.3' '0.1'],['0.8' '-3.3' '0.1' '1.3'],7,2008,2008Q3,200807,0,0.005847953,-0.01384083,-0.024360536,0.006127451,-0.003006012,-0.002,-0.002941176,-0.002932551,0.014705882,-0.01686747,-0.036427732,-0.02183908,0.015022979,0.011136834,0.006348535,0.00821421,0.005578202,0.01609741,0.020105263,0.021175965,0.026916551,0.106786172,0.038011696,-0.03125,0.032258065,0.033333333,0.008856047,0.026097278,0.007890183,0.021335399,0.036398467,0.029585799,0.001976285,0.001980198,0.045614035,0.079545455,0.060240964,-0.033009709,-0.047912736,-0.095625317,0.0145442,0.071291498,-0.009866512,0.00572029,0.028825366,-0.012738854,0.008787678,0.02399613
-3.3,['-3.3' '0.1'],['-3.3' '0.1' '1.3'],['-3.3' '0.1' '1.3' '3'],10,2008,2008Q4,200810,0,-0.032979976,-0.001176471,-0.001272265,-0.013801757,-0.001014199,-0.004040404,-0.00099108,-0.002964427,-0.030456853,0.0273794,-0.051995163,-0.006009615,0.020709869,-0.1031945,0.000941127,-0.00177453,0.007254758,-0.004095904,-0.0027894,0.019396771,0.023160022,-0.043985437,0.01081487,-0.03030303,0.064516129,0,0.013108201,0.005437792,0.011715951,0.003215611,-0.051094891,0.007352941,0.005545287,0.036398467,-0.123924269,0.006932409,-0.031879195,0.045614035,-0.231344005,-0.017758303,-0.075520327,-0.047912736,0.025782014,-0.119716037,0.089917937,-0.029942248,-0.055154466,0.130170778
0.1,['0.1' '1.3'],['0.1' '1.3' '3'],['0.1' '1.3' '3' '0.7'],1,2009,2009Q1,200901,0,-0.045720985,0.004711425,-0.113231552,0.016817594,-0.005107252,-0.004069176,-0.007968127,-0.002979146,-0.006337136,-0.00879397,-0.092931937,0.036635007,0.02014326,-0.007128252,0,-0.002718812,-0.000940242,-0.016785089,-0.023332998,-0.002608085,-0.056966477,-0.066253192,0.04101785,0,0.03030303,0.03125,0.011715493,0.013601024,0.008363597,0.007486549,-0.318295739,-0.206759443,-0.032692308,-0.051094891,-0.133501259,-0.201207243,-0.023575639,-0.123924269,0.033473548,0.044978487,-0.03323271,-0.231344005,-0.113640032,-0.242850159,-0.025372245,-0.074706105,-0.197992701,-0.096537827
1.3,['1.3' '3'],['1.3' '3' '0.7'],['1.3' '3' '0.7' '2'],4,2009,2009Q2,200904,0,-0.005235602,-0.116763006,0.063694268,0.0048,0.005170631,-0.003092784,-0.001023541,-0.007113821,-0.066666667,-0.038224414,0.111517367,-0.241331484,0.005420129,-0.293379643,0.007176287,0.007228158,0.000943693,0.004799165,0.006721983,-0.002827817,0.013072426,0.039149511,-0.017898575,0.060606061,0,-0.029411765,0.017348981,0.013675693,0.011382128,0.011132511,-0.007968127,0.063559322,-0.132352941,-0.318295739,0.01897019,-0.023809524,0.098837209,-0.133501259,0.135211314,0.134737496,-0.08525871,0.033473548,0.128117266,0.133822577,-0.156255691,0.064098414,-0.10619213,-0.055737705
3,['3' '0.7'],['3' '0.7' '2'],['3' '0.7' '2' '1.9'],7,2009,2009Q3,200907,0,-0.01536643,0.005945303,0.012396694,0.038626609,0.006066734,0.012282497,0,0.00204918,0.078104994,-0.010139417,0.031531532,-0.045845272,-0.019289624,0.067776867,-0.000823978,0,0.002581578,-0.002612876,-0.007674756,0.001142145,0.05116946,-0.030326729,-0.0776629,0,0.054054054,0.057142857,0.011188909,0.009985996,0.010679592,0.007774916,-0.035087719,0.11328125,0.02811245,-0.007968127,0,0.067885117,0.018617021,0.01897019,0.1202961,-0.004169383,0.019374014,0.135211314,0.102679314,-0.048757322,0.065980425,0.113625648,-0.064264706,0.034377852
0.7,['0.7' '2'],['0.7' '2' '1.9'],['0.7' '2' '1.9' '1.2'],10,2009,2009Q4,200910,0,-0.031578947,-0.03280543,-0.00128866,0.022397892,0.001988072,0.001992032,0.001014199,0.00203252,-0.037641154,-0.033939394,-0.058238636,-0.084525358,-0.042626005,-0.224731921,0.000818833,0.003595275,0.003504793,0.000927166,0.005698301,0.011421985,-0.019301471,0.020550866,-0.000255754,-0.052631579,0,-0.025641026,0.01296324,-0.001805389,0.012210267,0.000787887,0.023255814,0.095541401,0.141818182,-0.035087719,0.015909091,-0.004524887,0.080684597,0,-0.055255388,0.051066369,0.022192398,0.1202961,0.154502514,-0.071317391,0.066555992,0.074225445,-0.00079041,0.071267288
2,['2' '1.9'],['2' '1.9' '1.2'],['2' '1.9' '1.2' '1.2'],1,2010,2010Q1,201001,0,0.01849711,-0.055676856,0.003841229,-0.02375,0.005899705,0.005934718,0.001010101,0.002024291,-0.008064516,0.021176471,0.102920723,-0.078205128,0.107797856,-0.129476315,0.003480041,0.001743053,-0.00255676,0.004962779,0.003423592,-0.007925072,0.00515551,0.019297037,-0.010990884,-0.027027027,0.027777778,0,0.006206851,0.008766077,0.006607557,0.005398911,-0.003030303,0.006097561,-0.068181818,0.023255814,0.011792453,-0.018518519,-0.033557047,0.015909091,-0.04774271,0.081749807,-0.015872815,-0.055255388,-0.056863727,0.056783587,-0.002903524,-0.07113754,0.123052189,-0.007609229
1.9,['1.9' '1.2'],['1.9' '1.2' '1.2'],['1.9' '1.2' '1.2' '0.9'],4,2010,2010Q2,201004,0,-0.023474178,-0.135025381,0.016645327,-0.015132409,-0.00194742,0.000974659,0.004028197,0.003030303,-0.016908213,-0.095081967,0.046132972,-0.157714286,-0.053386407,-0.346094996,0.002019794,0.002023882,0.007955936,0.004601227,0.001741268,0.004423868,0.008082849,0.003040284,-0.00437232,-0.1,-0.14893617,0.305555556,0.004711266,0.014448033,0.009033185,0.007843876,-0.056537102,-0.092948718,-0.051671733,-0.003030303,-0.043147208,-0.059665871,-0.023310023,0.011792453,0.028773961,0.061627513,-0.00489881,-0.04774271,0.205317788,-0.021427578,-0.045551129,0.148985778,-0.019657143,0.037344398
1.2,['1.2' '1.2'],['1.2' '1.2' '0.9'],['1.2' '1.2' '0.9' '0.5'],7,2010,2010Q3,201007,0,0.008849558,-0.038297872,0.00498132,0.00375,0,-0.001955034,0.0039801,0.003996004,0.042755344,-0.018648019,-0.043429844,-0.06263048,0.045505683,-0.055923319,-0.001002808,0.001003814,0.004031445,0.001102094,0.00848742,0.007328244,0.023428065,0.028313602,0.008853253,0.09375,-0.111111111,0,0.00782348,0.00671111,0.008514808,0.005705053,0.075342466,0.06959707,0.02247191,-0.056537102,0.034666667,0.013513514,-0.018567639,-0.043147208,0.035942036,0.034753998,-0.057597786,0.028773961,0.032914631,-0.016134569,0.030907161,0.002390355,-0.020262702,-0.003551136
1.2,['1.2' '0.9'],['1.2' '0.9' '0.5'],['1.2' '0.9' '0.5' '0.5'],10,2010,2010Q4,201010,0,-0.03740374,-0.036055143,-0.018404908,0.011166253,-0.001960784,-0.000979432,-0.002964427,0.001980198,-0.038946163,0.013937282,-0.011891892,-0.045407637,-0.04293012,-0.172457809,0.007974482,0.005009016,0.002007629,0.005672771,0.003094739,0.002502002,-0.001106807,-0.001263324,-0.003697294,0.085714286,-0.078947368,0.085714286,0.002190687,-0.000871962,0.000866128,0.000969257,-0.063545151,-0.044728435,-0.003184713,0.075342466,-0.068965517,-0.067024129,-0.038659794,0.034666667,0.005414324,0.074629178,-0.009424042,0.035942036,0.022067501,-0.055190099,0.009908794,-0.005748306,0.001027538,0.009020218
0.9,['0.9' '0.5'],['0.9' '0.5' '0.5'],['0.9' '0.5' '0.5' '0.5'],1,2011,2011Q1,201101,0,0.007633588,0.021158129,0.005,-0.00373599,-0.001978239,-0.00492126,-0.001001001,-0.00498008,0.012127894,0.012276786,0.039548023,0.014908257,0.084827655,-0.008166955,0.003975353,-0.00494462,0,0.009235606,0.003549596,0.003661554,0.044818368,0.019315541,-0.012504947,0.121212121,-0.108108108,-0.026315789,0.002816679,0.012841852,0.004787629,0.007947862,0.076655052,-0.017123288,0.042857143,-0.063545151,0.141538462,-0.044117647,0.049382716,-0.068965517,0.009132131,0.076849572,0.011513848,0.005414324,0.038171986,-0.016989785,0.107724281,0.039661654,0.050241832,0.045942598
0.5,['0.5' '0.5'],['0.5' '0.5' '0.5'],['0.5' '0.5' '0.5' '0.9'],4,2011,2011Q2,201104,0,-0.100977199,-0.100585938,-0.035066505,0.002424242,0.00098912,0.003972195,-0.001982161,0.009,-0.119825708,-0.034700315,-0.066666667,-0.168346774,-0.14607165,-0.410695887,0.003886514,0.006847975,0.011878836,0.011990864,0.007478428,0.01538162,0.035961171,0.028048688,-0.004590608,0.027027027,0.057142857,-0.054054054,0.002682752,0.005232667,0.005578374,0.00323854,0.002923977,0.008849558,0.097087379,0.076655052,0,-0.050761421,0.061994609,0.141538462,0.040660749,0.086319806,-0.063017882,0.009132131,0.241686183,-0.090909091,-0.040547442,0.245271868,-0.132159343,0.057494124
0.5,['0.5' '0.5'],['0.5' '0.5' '0.9'],['0.5' '0.5' '0.9' '0.6'],7,2011,2011Q3,201107,0,0.006444683,-0.046106557,0.012531328,-0.018450185,-0.001982161,-0.002964427,0.003984064,-0.003968254,0.045810056,-0.01214128,0.079434168,-0.081,0.032485442,-0.078693746,0.001930129,0.001933862,0.000967867,-0.002236303,0.002990654,0.006206507,-0.005118224,-0.021306618,0.006175907,0,-0.057142857,-0.078947368,-0.002857342,0.008040274,0.001016609,0.007372716,0.028653295,0.017492711,0,0.002923977,0.032876712,-0.00273224,-0.021390374,0,0.015480628,-0.019500856,-0.022756299,0.040660749,0.010862315,-0.002376426,-0.007921539,-0.008881421,0.015189668,-0.026182566
0.5,['0.5' '0.9'],['0.5' '0.9' '0.6'],['0.5' '0.9' '0.6' '0.5'],10,2011,2011Q4,201110,0,-0.021505376,-0.042224511,-0.003708282,-0.003694581,-0.00199005,-0.000994036,0.000988142,0.00098912,-0.031868132,-0.004376368,0.007329843,-0.06003937,0.020066994,-0.288008236,-0.0009522,0.006710123,0.004816028,0.000745156,0.001305727,0.001307434,0.034982436,0.002568053,-0.012462865,0.03125,-0.03030303,0,-0.000576062,0.011842906,0.001261187,0.013334515,0.014662757,-0.025714286,-0.025069638,0.028653295,0.005797101,-0.033613445,-0.053050398,0.032876712,0.078761337,-0.058751882,-0.118647484,0.015480628,0.044825249,-0.040768945,0.014987275,0.012054002,0.016500572,-0.011705821
0.9,['0.9' '0.6'],['0.9' '0.6' '0.5'],['0.9' '0.6' '0.5' '0.5'],1,2012,2012Q1,201201,0,0,0.007430998,-0.009950249,-0.008631319,-0.002002002,-0.001998002,-0.003960396,0.00099108,-0.001067236,0.012972973,0.098321343,-0.050113895,-0.011050001,0.023335068,0.003816066,0.000954927,-0.001906214,0.000934579,-0.003167505,-0.000930752,0.001491477,-0.014005602,0.009758167,-0.03030303,0.03125,-0.03030303,0.005088662,0.008143358,0.005776152,0.007678207,-0.002941176,-0.005847953,-0.011560694,0.014662757,0.00297619,-0.008849558,-0.023054755,0.005797101,0.071231391,-0.011783427,-0.03222579,0.078761337,0.013753201,0.000189735,-0.023257969,0.068350794,-0.004709048,-0.055740829
0.6,['0.6' '0.5'],['0.6' '0.5' '0.5'],['0.6' '0.5' '0.5' '0.9'],4,2012,2012Q2,201204,0,0,-0.127761768,0.008782936,0.023106547,0.004016064,0,0.003992016,-0.002985075,-0.089552239,-0.039918117,0.117106774,-0.133333333,0.038258395,-0.483731206,0.000282912,0.003786445,0.003991637,0.00488975,0.006874129,0.005135387,0.016632888,0.004845506,0.009857457,-0.029411765,0.0625,0,0.004292927,-0.000782434,0.008127762,0.002439808,-0.005763689,0.017595308,0.005899705,-0.002941176,-0.014084507,0.034985423,0.017804154,0.00297619,-0.015913289,-0.007984238,0.038071572,0.071231391,0.033898305,0.117640728,-0.130707335,0.00426525,0.023727138,-0.040094899
0.5,['0.5' '0.5'],['0.5' '0.5' '0.9'],['0.5' '0.5' '0.9' '1.2'],7,2012,2012Q3,201207,0,0.033369214,-0.053971487,0.00879397,0.006321113,-0.002985075,0.001994018,0.000996016,-0.000995025,0.070077864,-0.019629226,-0.004223865,-0.01865285,0.071548525,-0.081446918,-0.001411765,0.001791439,-9.43E-05,-0.012088216,-0.005597357,0.000550863,-0.035486613,-0.018902015,-0.010792603,0.032258065,-0.060606061,0,0.008613137,-0.009501867,0.009388026,-0.006812009,-0.082066869,-0.023738872,-0.023188406,-0.005763689,-0.085106383,-0.026627219,-0.034285714,-0.014084507,0.015091612,0.005717478,-0.069889354,-0.015913289,0.003297532,0.032389845,-0.042380775,-0.061247576,0.015341702,-0.023239042
0.5,['0.5' '0.9'],['0.5' '0.9' '1.2'],['0.5' '0.9' '1.2' '0.9'],10,2012,2012Q4,201210,0,-0.039153439,-0.026776519,-0.042362003,-0.010165184,-0.003003003,-0.001998002,-0.005958292,0.00199005,-0.053968254,0.019417476,-0.145744681,0.030701754,-0.066635246,-0.145790408,0.007146215,0.004628755,-0.002262017,0.003543454,0.006192531,-0.004483467,0.007285444,0.016665432,-0.008518763,0,0.032258065,-0.03125,0.000656834,0.002527203,0.004482634,0.001462693,-0.014035088,0.003521127,-0.059602649,-0.082066869,-0.010676157,-0.007067138,-0.059800664,-0.085106383,-0.042154884,0.047813261,0.012290182,0.015091612,0.087082583,-0.051493599,-0.009766175,0.034978522,-0.018330465,0.000172147
0.9,['0.9' '1.2'],['0.9' '1.2' '0.9'],['0.9' '1.2' '0.9' '0.8'],1,2013,2013Q1,201301,0,0.025423729,-0.011518325,0.005128205,0.011673152,0,0,0.003009027,-0.003996004,0.024159664,-0.001049318,-0.022538553,0.015662651,0.104509632,-0.045927239,0.001783535,-0.003554392,-0.001867239,-0.002451674,-0.006836486,-0.007805241,-0.010482503,-0.029545965,-0.033053667,-0.03125,0.032258065,-0.03125,0.004518483,-0.000245668,0.010634489,-0.000327062,-0.028571429,0.003584229,-0.007117438,-0.014035088,-0.035087719,0.017857143,0.007194245,-0.010676157,-0.017580932,0.033188473,0.01089924,-0.042154884,-0.068808568,0.021235873,0.009105123,-0.012413108,0.003404467,0.020074538
1.2,['1.2' '0.9'],['1.2' '0.9' '0.8'],['1.2' '0.9' '0.8' '0.9'],4,2013,2013Q2,201304,0,-0.049840933,-0.09414025,-0.025316456,0.007653061,0.001007049,-0.001006036,0,-0.000999001,-0.048245614,-0.086172345,-0.068493151,-0.118551043,-0.010341074,-0.390494588,-0.000928333,0.003353204,0.005997001,-0.003937008,0.006795017,0.001606957,-0.007949247,0.027326266,-0.008023057,-0.0625,0,0.032258065,0.004994197,0.004880637,0.008031873,0.005411461,-0.007692308,-0.029850746,-0.014705882,-0.028571429,-0.019230769,-0.037037037,-0.018181818,-0.035087719,-0.020420073,-0.010658824,0.032901108,-0.017580932,0.10962105,-0.071152213,0.015622005,0.0793128,-0.106853236,0.053963466
0.9,['0.9' '0.8'],['0.9' '0.8' '0.9'],['0.9' '0.8' '0.9' '0.8'],7,2013,2013Q3,201307,0,0.008264463,-0.010224949,0.005256242,0.001315789,0,0,0,0.001003009,0.052230686,-0.018162393,0.034090909,-0.023307436,0.00930305,0.059068111,-0.00120964,0,-0.001393793,-0.000189466,-0.003492873,-0.00310559,0.02116651,-0.018089447,0.00092457,0.033333333,0,0,0.007249876,-0.003825226,0.006264658,-0.000751154,0,0.027027027,0.003875969,-0.007692308,0.013937282,0.108108108,0.015686275,-0.019230769,0.027214864,-0.068828865,0.018890501,-0.020420073,-0.075486726,0.044072808,-0.009064274,-0.037333788,-0.033607908,0.001237113
0.8,['0.8' '0.9'],['0.8' '0.9' '0.8'],['0.8' '0.9' '0.8' '0.3'],10,2013,2013Q4,201310,0,-0.025987526,-0.017364658,0.034899329,-0.018445323,0.001002004,0.002008032,0.001,-0.000999001,-0.044071354,0.022532189,-0.072388831,0.057986871,-0.024636749,-0.172274934,0.001945345,0.003532583,0.002142724,-0.001134001,0.002843063,-0.000189502,-0.023148504,0.006424149,-0.008137571,-0.0625,0,0.032258065,0.010948029,-0.008385891,0.012207545,-0.002252214,-0.003745318,0.003759398,0,0,-0.024137931,-0.013605442,0.010309278,0.013937282,0.016590217,0.036649432,0.006441905,0.027214864,-0.017558765,-0.011016712,0.025270413,-0.003386299,-0.042324963,0.064813175
0.9,['0.9' '0.8'],['0.9' '0.8' '0.3'],['0.9' '0.8' '0.3' '0.4'],1,2014,2014Q1,201401,0,-0.004052685,0.043340381,-0.006485084,0.032128514,0,0.001002004,0,0.002002002,0.016477858,0.032978723,-0.069600819,0.233585859,0.052349219,0.05569958,0.001205825,-0.000185477,-0.003051036,0.002283105,-0.001993734,-0.003500473,0.003809369,-0.004518315,-0.02424815,0.032258065,0,0.033333333,0.009171568,0.005757531,0.009180323,0.006635211,-0.010428305,-0.007393715,0.016917293,-0.003745318,-0.016661,0.001702997,0.03745583,-0.024137931,-0.034897133,-0.01639713,0.007280465,0.016590217,-0.032820422,-0.039798446,0.1251081,0.026076814,-0.050094967,0.100888657
0.8,['0.8' '0.3'],['0.8' '0.3' '0.4'],['0.8' '0.3' '0.4' '0.8'],4,2014,2014Q2,201404,0,-0.045073375,-0.102539981,-0.025641026,0.007751938,0,-0.001,0,0.001996008,-0.100622407,-0.035035035,0.05707196,-0.173333333,-0.056383405,-0.34138318,0.001838066,0.002672318,0.005373356,-0.000472679,0.001325256,0.002657555,-0.005216693,0.008661864,-0.002583771,-0.055555556,0.125,0,0.006808175,0.013282105,0.005669199,0.009349685,-0.002256487,0.00719697,-0.006398193,-0.010428305,0.000347947,0.007007708,-0.013139696,-0.016661,-0.011996313,0.002838398,0.020008758,-0.034897133,0.13086248,-0.045975922,-0.029887806,0.079158146,-0.059916693,0.013640792
0.3,['0.3' '0.4'],['0.3' '0.4' '0.8'],['0.3' '0.4' '0.8' '0.4'],7,2014,2014Q3,201407,0,-0.011178862,-0.022840119,-0.033505155,0.003880983,-0.002006018,-0.001002004,-0.001994018,-0.00199005,0.060540541,-0.033437827,-0.021298174,0.007150153,-0.032000999,0.064691503,-0.001281347,0.001650165,0.000642143,0.000473709,-0.000189448,-0.001513289,-0.000504923,-0.017040285,-0.024687374,0,0,0.029411765,0.016218529,0.000501415,0.012685044,0.002004498,-0.043812452,-0.014767134,-0.004523181,-0.002256487,-0.068463219,-0.032417195,-0.012869565,0.000347947,0.03691421,0.003634158,0.016908028,-0.011996313,-0.022433843,-0.064582441,0.025832528,-0.011882533,-0.076138948,0.006948283
0.4,['0.4' '0.8'],['0.4' '0.8' '0.4'],['0.4' '0.8' '0.4' '1.5'],10,2014,2014Q4,201410,0,-0.048387097,-0.004016064,-0.037323037,0.018348624,0.001007049,-0.001006036,0.000999001,0,-0.024896266,0.02010582,-0.185483871,0.062098501,-0.023813458,-0.167250849,-0.000639445,0.001738653,0.001466276,-0.003599507,-0.001040878,0.000757576,-0.012201365,-0.008040626,-0.005220173,0,0,0,0.010547112,0.008224631,0.010108101,0.006939213,-0.062801932,-0.04688154,-0.039790997,-0.043812452,-0.069022869,-0.053149606,-0.007036747,-0.068463219,-0.027553228,-0.023422317,-0.003651041,0.03691421,0.036048822,-0.072650698,0.067534657,0.024623116,-0.051326871,0.081085724
0.8,['0.8' '0.4'],['0.8' '0.4' '1.5'],['0.8' '0.4' '1.5' '0.7'],1,2015,2015Q1,201501,0,-0.009100101,0.028066528,0.00538358,-0.010652463,0.001004016,0,-0.001005025,-0.004004004,0.026694045,0.017763845,0.124300112,0,0.012323321,0.037464458,-9.19E-05,-0.002017053,-0.003016453,-0.009795448,-0.003063667,-0.007034889,-0.051352066,-0.008731337,-0.010710892,0,0,0.028571429,0.012111389,0.015511308,0.014715366,0.011862769,-0.037162162,0.012212995,-0.04076851,-0.062801932,-0.048530098,0.002338634,-0.045109424,-0.069022869,0.01757683,-0.032911277,0.008323025,-0.027553228,0.038426181,-0.067706548,0.065570776,0.063396292,-0.069184438,0.00425045
0.4,['0.4' '1.5'],['0.4' '1.5' '0.7'],['0.4' '1.5' '0.7' '0.3'],4,2015,2015Q2,201504,0,-0.048117155,-0.121323529,0.029850746,-0.037859008,0.002002002,0.002006018,0.004012036,0,-0.013800425,-0.104562738,-0.023178808,-0.193950178,-0.023782476,-0.322781091,9.13E-05,-0.000638803,0.006798971,-0.001177394,0.000687285,-0.012219959,0.003321286,0.02812092,-0.075487465,-0.027777778,0.028571429,-0.027777778,0.011505686,0.009129593,0.009723891,0.007545011,-0.073449402,-0.072185765,-0.007017544,-0.037162162,-0.067560322,-0.078557312,-0.007356547,-0.048530098,0.042204181,0.027812469,0.018745575,0.01757683,0.200628719,-0.115754989,-0.108268414,0.133758639,-0.137946838,-0.10286983
1.5,['1.5' '0.7'],['1.5' '0.7' '0.3'],['1.5' '0.7' '0.3' '1.1'],7,2015,2015Q3,201507,0,-0.017068273,-0.019685039,-0.020188425,0.01226158,0.001992032,0.000997009,-0.005005005,0,0.039513678,-0.005040323,-0.049212598,-0.047797563,0.010195286,-0.007234055,0.00018205,0.002829758,0.000273923,-0.000491014,0.000687893,-0.000392927,0.005714286,0.012670857,-0.024145653,0,0.027777778,0.028571429,0.013571388,0.008681107,0.014334814,0.007154472,-0.020245399,-0.066437572,0.02524956,-0.073449402,0.002256063,-0.0544,0.078205865,-0.067560322,-0.021232282,-0.019198033,-0.005815238,0.042204181,0.052211674,-0.071977507,-0.002244249,0.015133049,-0.066818311,-0.010503611
0.7,['0.7' '0.3'],['0.7' '0.3' '1.1'],['0.7' '0.3' '1.1' '0.5'],10,2015,2015Q4,201510,0,-0.022289767,-0.035190616,0.035422343,-0.012113055,-0.000996016,0,0.005030181,0,-0.023493361,0.030526316,-0.112888053,0.007582938,0.004831986,-0.173251641,-0.002630624,0.001453488,0.001820167,-0.004465172,-0.006114398,-0.003733543,-0.006125272,-0.004132231,-0.004310345,-0.054054054,0,0,0.009803569,0.002431368,0.009364131,0.002532695,-0.004507405,-0.018331226,-0.009392611,-0.020245399,-0.014536644,-0.048414986,-0.02363534,0.002256063,0.033961514,0.010981257,-0.04367636,-0.021232282,0.089935065,-0.111282101,-0.002111527,-0.016412294,-0.090943647,0.052826413
0.3,['0.3' '1.1'],['0.3' '1.1' '0.5'],['0.3' '1.1' '0.5' '0.6'],1,2016,2016Q1,201601,0,-0.0078125,0.018905473,-0.004010695,-0.022222222,-0.000995025,0,-0.001982161,0.0039801,0,0.040117417,-0.044878049,0.050204918,0.021192063,-0.050658411,0.003007108,-0.001909959,0,-0.00231738,-0.004014049,-0.006777634,-0.010750444,-0.017232537,-0.030914513,-0.027777778,0.028571429,0,-0.000279834,0.008631666,0.000972245,0.009449848,-0.029357798,0.002452483,0.054980595,-0.004507405,-0.052937755,-0.018835616,0.076828519,-0.014536644,-0.025110768,-0.015391798,-0.018477731,0.033961514,0.032923109,-0.076811031,0.022539966,0.039073343,-0.066194796,0.066106919
1.1,['1.1' '0.5'],['1.1' '0.5' '0.6'],['1.1' '0.5' '0.6' '1'],4,2016,2016Q2,201604,0,-0.037113402,-0.135472371,0.023351648,-0.01488498,-0.003009027,-0.003,-0.000998004,-0.003976143,-0.040160643,-0.086238532,-0.043778802,-0.223613596,-0.01011369,-0.371573246,-0.002618983,0.004262652,0.001726174,-0.000609199,0,-0.005352454,0.000949467,0.01575225,-0.015404094,-0.051282051,0.114285714,0,0.00622004,0.010769053,0.006079694,0.007522808,-0.00928998,0.025867937,-0.074354127,-0.029357798,-0.020026702,0.016282225,-0.094594595,-0.052937755,-0.000851767,0.041316665,0.002405782,-0.025110768,0.197360381,-0.008361609,-0.159674134,0.14175674,-0.063525305,-0.116921812
0.5,['0.5' '0.6'],['0.5' '0.6' '1'],['0.5' '0.6' '1' '0.7'],7,2016,2016Q3,201607,0,0.017857143,-0.040913416,0.031420765,-0.008130081,0,0,0.003,0,0.05093046,-0.022966507,0.031281534,-0.044358727,0.038019614,-0.065192718,-0.000180636,0.000632625,0.001901485,0.002328171,0.001216175,0.002438281,0.007678738,0.034678978,-0.018338954,0,-0.027777778,-0.027027027,0.00960704,-0.00048788,0.007998033,0.000344004,-0.07421014,-0.080405405,-0.008707301,-0.00928998,-0.086956522,-0.083161512,-0.008855586,-0.020026702,0.023264902,-0.006579611,-0.005390768,-0.000851767,0.038695885,0.012445887,-0.056950398,0.023442733,0.000446728,-0.025680087
0.6,['0.6' '1'],['0.6' '1' '0.7'],['0.6' '1' '0.7' '1.5'],10,2016,2016Q4,201610,0,-0.009823183,-0.049486461,-0.02165088,-0.010709505,0.001006036,0.002016129,0.00099108,0.002982107,-0.012732615,-0.012572534,0.022110553,-0.11398041,0.031410797,-0.179477529,0.005958292,0.002534166,-0.001897019,0.002323232,0.000909918,-0.001110887,0.001725439,-0.017794725,-0.027803522,0.025641026,0.083333333,0.028571429,0.00755588,0.01088592,0.006889537,0.007531386,0.035552194,0.045059289,0.003968254,-0.07421014,0.037347561,0.059773829,0.016420361,-0.086956522,-0.017341691,0.004413535,0.009155883,0.023264902,0.048047389,-0.049029835,-0.013481527,-0.028209915,0.055963202,-0.004035777
1,['1' '0.7'],['1' '0.7' '1.5'],['1' '0.7' '1.5' '-0.3'],1,2017,2017Q1,201701,0,0.019175455,0.024557957,0.047752809,-0.019283747,0.001002004,0.001003009,0.002982107,-0.001984127,0.006457565,0.060665362,0.084896347,0.053014553,0.091805101,0.026340608,0.001077006,-0.001523434,0.001435879,0.008802641,0.004420778,0.003023279,0.042103143,0.0242443,0.043492303,-0.054054054,-0.026315789,-0.05,0.004700194,0.005450413,0.00631498,0.004687716,-0.050761421,0.043017869,0.103725347,0.035552194,-0.028959811,0.051584835,0.182218957,0.037347561,0.020286608,0.021668986,-0.012304613,-0.017341691,0.030994948,0.052674645,0.023341009,0.022420208,0.061636005,0.02678762
0.7,['0.7' '1.5'],['0.7' '1.5' '-0.3'],['0.7' '1.5' '-0.3' '1.1'],4,2017,2017Q2,201704,0,-0.009054326,-0.146781116,-0.040629096,0.046639232,0.001994018,0.001998002,0,0.004945598,-0.078412391,-0.071043165,0.02373581,-0.220434433,0.067327771,-0.365567362,-0.000707714,0.002749933,0.010668818,-0.000389446,0.003909686,0.014476946,-0.021447203,-0.021182033,0.022134158,-0.076923077,0.114285714,0,0.010630727,-0.002455369,0.00902612,0.000846418,-0.012121212,0.013651877,-0.020721925,-0.050761421,-0.018139263,0.026426426,0.01339014,-0.028959811,0.020928327,0.03279245,0.011641686,0.020286608,0.129777867,0.059921519,-0.111393837,0.176259352,-0.035686803,-0.004500622
1.5,['1.5' '-0.3'],['1.5' '-0.3' '1.1'],['1.5' '-0.3' '1.1' '0.6'],7,2017,2017Q3,201707,0,0.009587728,-0.04922516,0.005449591,-0.016085791,0,0.000994036,0.001962709,0,0.035611165,-0.014231499,0.064935065,-0.079681275,0.010610252,-0.070950868,-0.002125022,0.001063641,-0.001239377,-0.003915044,-0.002635689,-0.002240187,-0.012066215,-0.014156508,0.004245236,0.088235294,-0.105263158,0.055555556,0.001453533,0.003312339,0.001437188,0.006693228,0.002053388,-0.00204918,-0.00204499,-0.012121212,0.040047818,-0.010059172,0.007151371,-0.018139263,0.004565618,0.018918965,0.064359039,0.020928327,0.037625096,-0.026875176,-0.054202462,0.027146407,0.039904306,-0.11380597
-0.3,['-0.3' '1.1'],['-0.3' '1.1' '0.6'],['-0.3' '1.1' '0.6' '0.7'],10,2017,2017Q4,201710,0,-0.010526316,-0.042163153,0.006830601,0.008264463,0.001982161,0,0,0,-0.034318398,0.00671785,-0.050748752,-0.088703563,-0.010910689,-0.147026313,0.001145072,0.005758327,0.001597161,0.006744209,0.004516446,0.000786086,0.01769999,0.01566737,0.005046937,-0.05,0.142857143,-0.054054054,0.005647686,0.002353366,0.00395289,0.004800276,0.116812964,0.006798097,0.004781421,0.002053388,0.135014006,0.002808989,0.022988506,0.040047818,0.05385743,0.013236346,-0.016448094,0.004565618,0.153395349,0.027822928,-0.030047297,0.035408491,0.050402848,-0.043719763
1.1,['1.1' '0.6'],['1.1' '0.6' '0.7'],['1.1' '0.6' '0.7' '0.8'],1,2018,2018Q1,201801,0,0.063788027,-0.072793449,-0.014824798,0.012278308,-0.000990099,0,0,-0.001955034,0.064814815,-0.01369863,0.173439049,-0.161263508,0.113346925,-0.135528987,0.003548931,-0.007397622,-0.000967799,0.00048539,-0.000969838,0.001067961,-0.006973366,-0.002415459,0.005635445,-0.052631579,0.027027027,-0.026315789,0.007977683,-0.002871839,0.006970771,-0.000229862,0.003273322,0.025741466,0.080411125,0.116812964,0.042857143,-0.023255814,0.061204344,0.135014006,0.040109585,-0.003585894,-0.01864922,0.05385743,-0.047398078,0.173473357,-0.170578272,0.037214475,0.105238275,-0.088982686
0.6,['0.6' '0.7'],['0.6' '0.7' '0.8'],['0.6' '0.7' '0.8' '-0.2'],4,2018,2018Q2,201804,0,-0.060344828,-0.101549053,0.012345679,0.031117397,0,0,0.001966568,0,-0.034188034,-0.067316209,-0.065309584,-0.096551724,-0.086840107,-0.274120322,-0.001048493,0.007659799,0.004155247,-0.000384874,0.004251619,0.004172327,0.00529661,0.004546774,0.008192724,0.081081081,0.057142857,-0.027777778,0.005663595,0.009678529,0.008042466,0.004506165,-0.001066667,0.012965964,0.006525285,0.003273322,-0.034786438,-0.002635046,0.039726027,0.042857143,0.028427745,0.007617329,-0.054199169,0.040109585,0.173088037,-0.10291195,0.006697982,0.073891199,-0.094730238,0.051798086
0.7,['0.7' '0.8'],['0.7' '0.8' '-0.2'],['0.7' '0.8' '-0.2' '1'],7,2018,2018Q3,201807,0,0.004668534,-0.021917808,0.008,0.035911602,0,-0.003968254,-0.000981354,0,0.026387625,-0.030008826,-0.00505476,-0.07482463,-0.014444572,-0.016030548,-0.002094241,0.000523834,0.001836788,0.000287577,0.002884061,0.001251324,0.012610457,0.029470293,0.010920586,-0.078947368,0,-0.05,0.00992877,-1.21E-05,0.009190792,-0.000965919,-0.004862237,-0.019077901,0.00747464,-0.001066667,-0.035862069,-0.033333333,0.026459854,-0.034786438,-0.013270969,-0.039983327,-0.036722086,0.028427745,-0.004868549,0.040439004,-0.027424255,0.00783079,0.016995074,-0.017504235
0.8,['0.8' '-0.2'],['0.8' '-0.2' '1'],['0.8' '-0.2' '1' '0.4'],10,2018,2018Q4,201810,0,-0.013979497,-0.027198549,0.01894452,-0.010709505,-0.002994012,-0.000997009,-0.000984252,-0.001964637,-0.034296029,0.019319227,-0.05834093,-0.05021645,-0.006544683,-0.13965373,0.007642206,0.008848782,-0.00192375,0.002848732,0.004483022,0.004695736,0.016639683,-0.002869955,0.013544223,-0.088888889,0.184210526,0.085714286,0.002928203,0.000930275,0.006581538,0.000380293,0.035195531,-0.021857923,-0.006514658,-0.004862237,0.029185868,-0.03268945,-0.037195994,-0.035862069,-0.133747605,0.008691796,0.012033495,-0.013270969,-0.02051862,0.011273589,-0.001875408,-0.070485658,-0.009683667,-0.007369433
-0.2,['-0.2' '1'],['-0.2' '1' '0.4'],['-0.2' '1' '0.4' '1.3'],1,2019,2019Q1,201901,0,-0.009107468,0.045714286,-0.020107239,0.020519836,-0.002012072,-0.003009027,-0.001982161,-0.001978239,0.022887324,0.032727273,-0.014925373,0.098360656,0.025371615,0.021971889,-0.003391304,-0.007079952,-0.001809877,-0.004784231,-0.007030879,-0.003408768,-0.03703365,-0.049208833,0.017605945,-0.025641026,-0.025,-0.024390244,0.001823244,0.007710514,0.003630847,0.006843259,-0.024211712,-0.036876356,-0.004856989,0.035195531,-0.009863014,-0.059278351,-0.034825871,0.029185868,0.080258104,-0.026620757,0.033093724,-0.133747605,-0.090744847,-0.073146598,0.083546392,-0.062682889,-0.038430211,0.183922153
1,['1' '0.4'],['1' '0.4' '1.3'],['1' '0.4' '1.3' '-1.3'],4,2019,2019Q2,201904,0,-0.088235294,-0.096829477,-0.034482759,0.011157601,-0.001012146,-0.001011122,-0.005958292,0.00199005,-0.091074681,-0.056701031,-0.174650699,-0.109333333,-0.110518218,-0.251942531,-0.001913376,0.00427985,-0.001047029,0.003461538,0.000962464,-0.001057591,0.016841909,0.022160928,-0.001614282,0,-0.073170732,0.078947368,0.009881307,0.004624268,0.009010574,0.003788647,-0.01017524,0.005113636,0.015579919,-0.024211712,-0.029625489,-0.007214206,-0.002767017,-0.009863014,0.029392667,-0.024947163,-0.004267864,0.080258104,0.177238014,-0.139702528,-0.010205925,0.129066927,-0.185370901,0.032205061
0.4,['0.4' '1.3'],['0.4' '1.3' '-1.3'],['0.4' '1.3' '-1.3' '-3.2'],7,2019,2019Q3,201907,0,0.012939002,-0.006427916,-0.009485095,0.033613445,-0.002024291,0,0.003003003,-0.001998002,0.046678636,-0.039655172,-0.044014085,0.042201835,0.020486737,-0.030752824,-0.001560198,0.001649592,0.003659812,-0.002863142,0.00114657,0.002874665,-0.037069649,0.021221113,0.017661054,0,-0.05,0.052631579,0.004641164,-0.000998348,0.005467206,0.00255138,-0.052564103,-0.088252484,-0.022844089,-0.01017524,-0.076203209,-0.108993448,-0.032834101,-0.029625489,-0.049783631,0.043531498,-0.073448328,0.029392667,-0.056016787,-0.033932663,0.022254257,-0.073738465,-0.033271719,0.076756663
1.3,['1.3' '-1.3'],['1.3' '-1.3' '-3.2'],['1.3' '-1.3' '-3.2' '2.2'],10,2019,2019Q4,201910,0,-0.022058824,-0.009107468,-0.017333333,0.028806584,-0.001019368,-0.002034588,0.001996008,0,0.009049774,0.004545455,-0.052924791,-0.000927644,-0.003922219,-0.163829462,0.003735557,0.002351097,-0.003038458,0.000572902,0.002392802,0,-0.002522295,0.007076114,0.007955377,0.028571429,-0.125,0.052631579,0.014790969,-0.002335237,0.012495302,0.00086498,0.057003257,0.035413153,-0.197564276,-0.052564103,0.054390054,0.105670103,-0.157742402,-0.076203209,0.009902814,0.048409637,-0.02803586,-0.049783631,0.013820904,-0.052990365,0.063303373,-0.080369357,-0.030423609,0.082660205
-1.3,['-1.3' '-3.2'],['-1.3' '-3.2' '2.2'],['-1.3' '-3.2' '2.2' '1.1'],1,2020,2020Q1,202001,0,0.005434783,0.038570085,-0.02027027,-0.014647137,0.00304878,0.003058104,-0.001992032,0,0.040622299,0.021182701,0.004677268,0.097535934,0.014100434,0.054696778,0.002344157,-0.005525816,0.002423403,0.002778044,-0.001434857,-0.002385724,0.016058258,-0.00952469,-0.023390228,0,0.027777778,0,0.015838321,0.006302777,0.012258758,0.005835916,-0.025185185,-0.025974026,0.06779661,0.057003257,-0.012230216,-0.068364611,0.099484156,0.054390054,-0.035792453,0.05254411,0.002150249,0.009902814,0.028708134,-0.037735849,0.048660418,0.074728019,-0.030685453,0.07558572
-3.2,['-3.2' '2.2'],['-3.2' '2.2' '1.1'],['-3.2' '2.2' '1.1' '1.7'],4,2020,2020Q2,202004,0,-0.036294174,-0.140394089,-0.054200542,-0.004048583,0,0,-0.006944444,0.002985075,-0.125223614,-0.080592105,-0.014314928,-0.221957041,-0.000187182,-0.332273905,-0.002155916,0.000690369,0.003724556,-0.008879977,-0.003235938,0.00372564,-0.05348247,-0.01435983,-0.008177892,0.121212121,-0.131578947,0.027027027,0.019001297,0.003035238,0.012992553,0.004113947,-0.133009709,-0.151565074,-0.077507599,-0.025185185,-0.061411549,-0.129289705,-0.087399854,-0.012230216,0.109948479,-0.116944555,-0.062293241,-0.035792453,0.133456524,-0.016755829,-0.096488828,0.138429954,-0.135991215,-0.017673415
2.2,['2.2' '1.1'],['2.2' '1.1' '1.7'],['2.2' '1.1' '1.7' '0.8'],7,2020,2020Q3,202007,0,0.003898635,-0.06557377,-0.09025788,-0.051630435,-0.00305499,-0.003045685,-0.008179959,-0.012121212,0.087235996,0.018709074,-0.035528596,-0.043910522,-0.010659338,-0.088206383,0.002692608,-0.000607639,-0.004407571,0.005051977,0.000291545,-0.00867052,0.024691358,0.040101042,-0.056504469,0,0.105263158,0.027027027,0.01806812,0.008233588,0.012356061,0.005753108,-0.041724618,-0.077021823,-0.127659574,-0.133009709,-0.028235294,-0.031890661,-0.142578125,-0.061411549,0.066896548,0.038790895,0.042124505,0.109948479,0.130111977,-0.055523623,-0.212118468,0.033903609,-0.088176543,-0.097209103
1.1,['1.1' '1.7'],['1.1' '1.7' '0.8'],['1.1' '1.7' '0.8' '0.3'],10,2020,2020Q4,202010,0,-0.042056075,-0.030797101,0.004279601,0.024853801,0.004060914,0.00305499,0.006160164,0.002057613,0.007213706,-0.05132592,-0.133967156,-0.052416052,-0.086202481,-0.154677427,0.005431034,0.005635024,-0.000779626,0.001919386,0.004918507,0.002319961,-0.011173747,-0.01075483,-0.008295477,0.138888889,-0.142857143,0,0.002720963,0.000244204,0.002151975,0.002451335,-0.035460993,0.050670641,-0.026124819,-0.041724618,0.002202643,0.095295537,0.003631961,-0.028235294,-0.026092298,0.000739413,0.034142893,0.066896548,0.203977994,-0.061556791,0.084760366,0.092079911,-0.084401114,0.086671375
1.7,['1.7' '0.8'],['1.7' '0.8' '0.3'],['1.7' '0.8' '0.3' '1.2'],1,2021,2021Q1,202101,0,0.02891791,-0.022789426,-0.005427408,0.005457026,0.005025126,0.003024194,0.005055612,0.006103764,0.027633851,-0.018644068,0.070543375,-0.087032202,0.127651958,-0.082925459,0.002416293,-0.000948358,-0.005487439,0.007879312,0.000769305,-0.003927203,0.020510151,-0.000104102,-0.022091011,0.071428571,-0.023255814,0.048780488,0.008970895,0.009617882,0.009962113,0.008019167,-0.033379694,0.027142857,0.029411765,-0.035460993,0.005154639,0.005181347,0.06043956,0.002202643,0.03575468,0.108874173,0.142994509,-0.026092298,0.086005963,0.034969612,-0.060193322,0.111818508,0.031923753,0.003528647
0.8,['0.8' '0.3'],['0.8' '0.3' '1.2'],['0.8' '0.3' '1.2' 'nan'],4,2021,2021Q2,202104,0,-0.04519774,-0.123762376,0.034293553,-0.005457026,0.00199005,0.002994012,0,-0.002012072,-0.053475936,-0.057934509,-0.116496599,-0.114457831,-0.004160849,-0.380340397,0.002550804,0.005385536,0.007059229,0.010662177,0.008203678,0.011059205,0.034771956,0.044077135,0.036931239,-0.025641026,-0.25,0.155555556,0.017635253,0.01011852,0.012612095,0.007385285,-0.036549708,0.019374069,-0.034532374,-0.033379694,0.004413063,0.138693467,0.020512821,0.005154639,0.028235263,0.016087223,0.012344559,0.03575468,0.181707999,-0.027473026,-0.082522253,0.17297617,-0.046183606,0.000645213
0.3,['0.3' '1.2'],['0.3' '1.2' 'nan'],['0.3' '1.2' 'nan' 'nan'],7,2021,2021Q3,202107,0,-0.00810081,-0.043066322,-0.009446694,0,0.0029615,0.003964321,0.000996016,0.007021063,0.032800673,-0.005020921,-0.079259259,0.019637462,-0.043688762,-0.067869346,0,0.000677564,0.001356967,0.005288111,0.005408378,0.009531742,0.027213899,0.029664111,-0.00227666,-0.027027027,0,-0.026315789,0.012306489,0.005550117,-0.00593542,0.016944681,0.140350877,0.306055646,-0.072837633,-0.036549708,0.089861751,0.148148148,-0.003514938,0.004413063,-0.028622736,0.028952034,0.017808924,0.028235263,0.065659453,-0.008261116,-0.025877712,0.040323184,-0.053797692,0.017722066
1.2,['1.2' 'nan'],['1.2' 'nan' 'nan'],['1.2' 'nan' 'nan' 'nan'],10,2021,2021Q4,202110,0,-0.028596962,-0.048469388,0.012162162,0.005434783,-0.001968504,-0.001964637,0.001986097,0.000994036,-0.03078203,0.005857741,-0.117418351,-0.051622419,-0.007590394,-0.177332884,0.004119032,0.004814596,0.002031316,0.003753016,0.005209737,0.009704335,0.022942192,0.012994586,0.035985502,0,-0.060606061,-0.083333333,0.014768719,0.005952891,0.005632022,0.007985616,0.097856477,0.071928072,0.1,0.140350877,0.215841584,0.073706591,-0.005637773,0.089861751,-0.031979719,-0.040774927,-0.000952434,-0.028622736,0.056782581,-0.035722377,0.014713771,0.006633615,-0.03750252,0.069969797
